,path,corruption,img_id,filename,algo,clipping,timestamp,latent,epsilon,psnr_to_target,lpips_to_target
0,/home/bastien/scitas/bastien/results_CODE/results/ODEDIT/CELEBAHQ/fid/good_ones/2024-05-22_19-58/voronoi_noise/8991/original.png,voronoi_noise,8991,original.png,none,none,2024-05-22_19-58,none,,inf,0.0
1,/home/bastien/scitas/bastien/results_CODE/results/ODEDIT/CELEBAHQ/fid/good_ones/2024-05-22_19-58/voronoi_noise/8991/corrupted.png,voronoi_noise,8991,corrupted.png,none,none,2024-05-22_19-58,none,,16.530664443969727,0.23205368220806122
2,/home/bastien/scitas/bastien/results_CODE/results/ODEDIT/CELEBAHQ/fid/good_ones/2024-05-22_19-58/voronoi_noise/8991/reconstruction/clipped/reconstruction_ddim.png,voronoi_noise,8991,reconstruction_ddim.png,reconstruction,clipped,2024-05-22_19-58,none,,16.281116485595703,0.2697495222091675
3,/home/bastien/scitas/bastien/results_CODE/results/ODEDIT/CELEBAHQ/fid/good_ones/2024-05-22_19-58/voronoi_noise/8991/ode/non_clipped/200_0.000316228_0.png,voronoi_noise,8991,200_0.000316228_0.png,ode,clipped,2024-05-22_19-58,200,0.0001,16.436386108398438,0.1472945660352707
4,/home/bastien/scitas/bastien/results_CODE/results/ODEDIT/CELEBAHQ/fid/good_ones/2024-05-22_19-58/voronoi_noise/8991/ode/non_clipped/200_0.0001_0.png,voronoi_noise,8991,200_0.0001_0.png,ode,clipped,2024-05-22_19-58,200,0.0001,16.47083282470703,0.16225171089172363
5,/home/bastien/scitas/bastien/results_CODE/results/ODEDIT/CELEBAHQ/fid/good_ones/2024-05-22_19-58/voronoi_noise/8991/ode/non_clipped/200_0.001_0.png,voronoi_noise,8991,200_0.001_0.png,ode,clipped,2024-05-22_19-58,200,0.001,15.666749954223633,0.18103346228599548
6,/home/bastien/scitas/bastien/results_CODE/results/ODEDIT/CELEBAHQ/fid/good_ones/2024-05-22_19-58/voronoi_noise/13940/original.png,voronoi_noise,13940,original.png,none,none,2024-05-22_19-58,none,,inf,0.0
7,/home/bastien/scitas/bastien/results_CODE/results/ODEDIT/CELEBAHQ/fid/good_ones/2024-05-22_19-58/voronoi_noise/13940/corrupted.png,voronoi_noise,13940,corrupted.png,none,none,2024-05-22_19-58,none,,15.68919563293457,0.12773701548576355
8,/home/bastien/scitas/bastien/results_CODE/results/ODEDIT/CELEBAHQ/fid/good_ones/2024-05-22_19-58/voronoi_noise/13940/reconstruction/clipped/reconstruction_ddim.png,voronoi_noise,13940,reconstruction_ddim.png,reconstruction,clipped,2024-05-22_19-58,none,,15.268132209777832,0.35173118114471436
9,/home/bastien/scitas/bastien/results_CODE/results/ODEDIT/CELEBAHQ/fid/good_ones/2024-05-22_19-58/voronoi_noise/13940/ode/non_clipped/200_0.000316228_0.png,voronoi_noise,13940,200_0.000316228_0.png,ode,clipped,2024-05-22_19-58,200,0.0001,15.034931182861328,0.3469669222831726
10,/home/bastien/scitas/bastien/results_CODE/results/ODEDIT/CELEBAHQ/fid/good_ones/2024-05-22_19-58/voronoi_noise/13940/ode/non_clipped/200_0.0001_0.png,voronoi_noise,13940,200_0.0001_0.png,ode,clipped,2024-05-22_19-58,200,0.0001,15.181534767150879,0.316206157207489
11,/home/bastien/scitas/bastien/results_CODE/results/ODEDIT/CELEBAHQ/fid/good_ones/2024-05-22_19-58/voronoi_noise/13940/ode/non_clipped/200_0.001_0.png,voronoi_noise,13940,200_0.001_0.png,ode,clipped,2024-05-22_19-58,200,0.001,15.059121131896973,0.38096076250076294
12,/home/bastien/scitas/bastien/results_CODE/results/ODEDIT/CELEBAHQ/fid/good_ones/2024-05-22_19-58/voronoi_noise/14568/original.png,voronoi_noise,14568,original.png,none,none,2024-05-22_19-58,none,,inf,0.0
13,/home/bastien/scitas/bastien/results_CODE/results/ODEDIT/CELEBAHQ/fid/good_ones/2024-05-22_19-58/voronoi_noise/14568/corrupted.png,voronoi_noise,14568,corrupted.png,none,none,2024-05-22_19-58,none,,18.90819549560547,0.1592714488506317
14,/home/bastien/scitas/bastien/results_CODE/results/ODEDIT/CELEBAHQ/fid/good_ones/2024-05-22_19-58/voronoi_noise/14568/reconstruction/clipped/reconstruction_ddim.png,voronoi_noise,14568,reconstruction_ddim.png,reconstruction,clipped,2024-05-22_19-58,none,,18.296676635742188,0.27909183502197266
15,/home/bastien/scitas/bastien/results_CODE/results/ODEDIT/CELEBAHQ/fid/good_ones/2024-05-22_19-58/voronoi_noise/14568/ode/non_clipped/200_0.000316228_0.png,voronoi_noise,14568,200_0.000316228_0.png,ode,clipped,2024-05-22_19-58,200,0.0001,18.92950439453125,0.195442795753479
16,/home/bastien/scitas/bastien/results_CODE/results/ODEDIT/CELEBAHQ/fid/good_ones/2024-05-22_19-58/voronoi_noise/14568/ode/non_clipped/200_0.0001_0.png,voronoi_noise,14568,200_0.0001_0.png,ode,clipped,2024-05-22_19-58,200,0.0001,19.150815963745117,0.20993353426456451
17,/home/bastien/scitas/bastien/results_CODE/results/ODEDIT/CELEBAHQ/fid/good_ones/2024-05-22_19-58/voronoi_noise/14568/ode/non_clipped/200_0.001_0.png,voronoi_noise,14568,200_0.001_0.png,ode,clipped,2024-05-22_19-58,200,0.001,18.402694702148438,0.22641286253929138
18,/home/bastien/scitas/bastien/results_CODE/results/ODEDIT/CELEBAHQ/fid/good_ones/2024-05-22_19-58/voronoi_noise/8404/original.png,voronoi_noise,8404,original.png,none,none,2024-05-22_19-58,none,,inf,0.0
19,/home/bastien/scitas/bastien/results_CODE/results/ODEDIT/CELEBAHQ/fid/good_ones/2024-05-22_19-58/voronoi_noise/8404/corrupted.png,voronoi_noise,8404,corrupted.png,none,none,2024-05-22_19-58,none,,15.850908279418945,0.2738543748855591
20,/home/bastien/scitas/bastien/results_CODE/results/ODEDIT/CELEBAHQ/fid/good_ones/2024-05-22_19-58/voronoi_noise/8404/reconstruction/clipped/reconstruction_ddim.png,voronoi_noise,8404,reconstruction_ddim.png,reconstruction,clipped,2024-05-22_19-58,none,,15.700996398925781,0.27389034628868103
21,/home/bastien/scitas/bastien/results_CODE/results/ODEDIT/CELEBAHQ/fid/good_ones/2024-05-22_19-58/voronoi_noise/8404/ode/non_clipped/200_0.000316228_0.png,voronoi_noise,8404,200_0.000316228_0.png,ode,clipped,2024-05-22_19-58,200,0.0001,15.545022010803223,0.18589286506175995
22,/home/bastien/scitas/bastien/results_CODE/results/ODEDIT/CELEBAHQ/fid/good_ones/2024-05-22_19-58/voronoi_noise/8404/ode/non_clipped/200_0.0001_0.png,voronoi_noise,8404,200_0.0001_0.png,ode,clipped,2024-05-22_19-58,200,0.0001,15.396771430969238,0.17976492643356323
23,/home/bastien/scitas/bastien/results_CODE/results/ODEDIT/CELEBAHQ/fid/good_ones/2024-05-22_19-58/voronoi_noise/8404/ode/non_clipped/200_0.001_0.png,voronoi_noise,8404,200_0.001_0.png,ode,clipped,2024-05-22_19-58,200,0.001,15.729663848876953,0.18262654542922974
24,/home/bastien/scitas/bastien/results_CODE/results/ODEDIT/CELEBAHQ/fid/good_ones/2024-05-22_19-58/voronoi_noise/18283/original.png,voronoi_noise,18283,original.png,none,none,2024-05-22_19-58,none,,inf,0.0
25,/home/bastien/scitas/bastien/results_CODE/results/ODEDIT/CELEBAHQ/fid/good_ones/2024-05-22_19-58/voronoi_noise/18283/corrupted.png,voronoi_noise,18283,corrupted.png,none,none,2024-05-22_19-58,none,,18.10683822631836,0.07475809752941132
26,/home/bastien/scitas/bastien/results_CODE/results/ODEDIT/CELEBAHQ/fid/good_ones/2024-05-22_19-58/voronoi_noise/18283/reconstruction/clipped/reconstruction_ddim.png,voronoi_noise,18283,reconstruction_ddim.png,reconstruction,clipped,2024-05-22_19-58,none,,17.74677848815918,0.15976879000663757
27,/home/bastien/scitas/bastien/results_CODE/results/ODEDIT/CELEBAHQ/fid/good_ones/2024-05-22_19-58/voronoi_noise/18283/ode/non_clipped/200_0.000316228_0.png,voronoi_noise,18283,200_0.000316228_0.png,ode,clipped,2024-05-22_19-58,200,0.0001,17.937612533569336,0.15878459811210632
28,/home/bastien/scitas/bastien/results_CODE/results/ODEDIT/CELEBAHQ/fid/good_ones/2024-05-22_19-58/voronoi_noise/18283/ode/non_clipped/200_0.0001_0.png,voronoi_noise,18283,200_0.0001_0.png,ode,clipped,2024-05-22_19-58,200,0.0001,18.05017852783203,0.1474117636680603
29,/home/bastien/scitas/bastien/results_CODE/results/ODEDIT/CELEBAHQ/fid/good_ones/2024-05-22_19-58/voronoi_noise/18283/ode/non_clipped/200_0.001_0.png,voronoi_noise,18283,200_0.001_0.png,ode,clipped,2024-05-22_19-58,200,0.001,17.661069869995117,0.1723422408103943
30,/home/bastien/scitas/bastien/results_CODE/results/ODEDIT/CELEBAHQ/fid/good_ones/2024-05-22_19-58/voronoi_noise/18578/original.png,voronoi_noise,18578,original.png,none,none,2024-05-22_19-58,none,,inf,0.0
31,/home/bastien/scitas/bastien/results_CODE/results/ODEDIT/CELEBAHQ/fid/good_ones/2024-05-22_19-58/voronoi_noise/18578/corrupted.png,voronoi_noise,18578,corrupted.png,none,none,2024-05-22_19-58,none,,17.138381958007812,0.15597110986709595
32,/home/bastien/scitas/bastien/results_CODE/results/ODEDIT/CELEBAHQ/fid/good_ones/2024-05-22_19-58/voronoi_noise/18578/reconstruction/clipped/reconstruction_ddim.png,voronoi_noise,18578,reconstruction_ddim.png,reconstruction,clipped,2024-05-22_19-58,none,,17.023765563964844,0.2527022957801819
33,/home/bastien/scitas/bastien/results_CODE/results/ODEDIT/CELEBAHQ/fid/good_ones/2024-05-22_19-58/voronoi_noise/18578/ode/non_clipped/200_0.000316228_0.png,voronoi_noise,18578,200_0.000316228_0.png,ode,clipped,2024-05-22_19-58,200,0.0001,16.435653686523438,0.26102015376091003
34,/home/bastien/scitas/bastien/results_CODE/results/ODEDIT/CELEBAHQ/fid/good_ones/2024-05-22_19-58/voronoi_noise/18578/ode/non_clipped/200_0.0001_0.png,voronoi_noise,18578,200_0.0001_0.png,ode,clipped,2024-05-22_19-58,200,0.0001,16.626609802246094,0.2520787715911865
35,/home/bastien/scitas/bastien/results_CODE/results/ODEDIT/CELEBAHQ/fid/good_ones/2024-05-22_19-58/voronoi_noise/18578/ode/non_clipped/200_0.001_0.png,voronoi_noise,18578,200_0.001_0.png,ode,clipped,2024-05-22_19-58,200,0.001,16.21187973022461,0.3058358430862427
36,/home/bastien/scitas/bastien/results_CODE/results/ODEDIT/CELEBAHQ/fid/good_ones/2024-05-22_19-58/voronoi_noise/24152/original.png,voronoi_noise,24152,original.png,none,none,2024-05-22_19-58,none,,inf,0.0
37,/home/bastien/scitas/bastien/results_CODE/results/ODEDIT/CELEBAHQ/fid/good_ones/2024-05-22_19-58/voronoi_noise/24152/corrupted.png,voronoi_noise,24152,corrupted.png,none,none,2024-05-22_19-58,none,,17.685108184814453,0.18744057416915894
38,/home/bastien/scitas/bastien/results_CODE/results/ODEDIT/CELEBAHQ/fid/good_ones/2024-05-22_19-58/voronoi_noise/24152/reconstruction/clipped/reconstruction_ddim.png,voronoi_noise,24152,reconstruction_ddim.png,reconstruction,clipped,2024-05-22_19-58,none,,18.999462127685547,0.1370726078748703
39,/home/bastien/scitas/bastien/results_CODE/results/ODEDIT/CELEBAHQ/fid/good_ones/2024-05-22_19-58/voronoi_noise/24152/ode/non_clipped/200_0.000316228_0.png,voronoi_noise,24152,200_0.000316228_0.png,ode,clipped,2024-05-22_19-58,200,0.0001,17.263641357421875,0.2909061312675476
40,/home/bastien/scitas/bastien/results_CODE/results/ODEDIT/CELEBAHQ/fid/good_ones/2024-05-22_19-58/voronoi_noise/24152/ode/non_clipped/200_0.0001_0.png,voronoi_noise,24152,200_0.0001_0.png,ode,clipped,2024-05-22_19-58,200,0.0001,17.31926918029785,0.3017350137233734
41,/home/bastien/scitas/bastien/results_CODE/results/ODEDIT/CELEBAHQ/fid/good_ones/2024-05-22_19-58/voronoi_noise/24152/ode/non_clipped/200_0.001_0.png,voronoi_noise,24152,200_0.001_0.png,ode,clipped,2024-05-22_19-58,200,0.001,16.961166381835938,0.31153127551078796
42,/home/bastien/scitas/bastien/results_CODE/results/ODEDIT/CELEBAHQ/fid/good_ones/2024-05-22_19-58/voronoi_noise/9074/original.png,voronoi_noise,9074,original.png,none,none,2024-05-22_19-58,none,,inf,0.0
43,/home/bastien/scitas/bastien/results_CODE/results/ODEDIT/CELEBAHQ/fid/good_ones/2024-05-22_19-58/voronoi_noise/9074/corrupted.png,voronoi_noise,9074,corrupted.png,none,none,2024-05-22_19-58,none,,18.98194694519043,0.22542934119701385
44,/home/bastien/scitas/bastien/results_CODE/results/ODEDIT/CELEBAHQ/fid/good_ones/2024-05-22_19-58/voronoi_noise/9074/reconstruction/clipped/reconstruction_ddim.png,voronoi_noise,9074,reconstruction_ddim.png,reconstruction,clipped,2024-05-22_19-58,none,,18.68092918395996,0.3856070935726166
45,/home/bastien/scitas/bastien/results_CODE/results/ODEDIT/CELEBAHQ/fid/good_ones/2024-05-22_19-58/voronoi_noise/9074/ode/non_clipped/200_0.000316228_0.png,voronoi_noise,9074,200_0.000316228_0.png,ode,clipped,2024-05-22_19-58,200,0.0001,18.698129653930664,0.28893595933914185
46,/home/bastien/scitas/bastien/results_CODE/results/ODEDIT/CELEBAHQ/fid/good_ones/2024-05-22_19-58/voronoi_noise/9074/ode/non_clipped/200_0.0001_0.png,voronoi_noise,9074,200_0.0001_0.png,ode,clipped,2024-05-22_19-58,200,0.0001,18.983150482177734,0.29839181900024414
47,/home/bastien/scitas/bastien/results_CODE/results/ODEDIT/CELEBAHQ/fid/good_ones/2024-05-22_19-58/voronoi_noise/9074/ode/non_clipped/200_0.001_0.png,voronoi_noise,9074,200_0.001_0.png,ode,clipped,2024-05-22_19-58,200,0.001,18.561899185180664,0.27840569615364075
48,/home/bastien/scitas/bastien/results_CODE/results/ODEDIT/CELEBAHQ/fid/good_ones/2024-05-22_19-58/voronoi_noise/19849/original.png,voronoi_noise,19849,original.png,none,none,2024-05-22_19-58,none,,inf,0.0
49,/home/bastien/scitas/bastien/results_CODE/results/ODEDIT/CELEBAHQ/fid/good_ones/2024-05-22_19-58/voronoi_noise/19849/corrupted.png,voronoi_noise,19849,corrupted.png,none,none,2024-05-22_19-58,none,,15.278804779052734,0.08241939544677734
50,/home/bastien/scitas/bastien/results_CODE/results/ODEDIT/CELEBAHQ/fid/good_ones/2024-05-22_19-58/voronoi_noise/19849/reconstruction/clipped/reconstruction_ddim.png,voronoi_noise,19849,reconstruction_ddim.png,reconstruction,clipped,2024-05-22_19-58,none,,14.601881980895996,0.198506698012352
51,/home/bastien/scitas/bastien/results_CODE/results/ODEDIT/CELEBAHQ/fid/good_ones/2024-05-22_19-58/voronoi_noise/19849/ode/non_clipped/200_0.000316228_0.png,voronoi_noise,19849,200_0.000316228_0.png,ode,clipped,2024-05-22_19-58,200,0.0001,14.266119956970215,0.23001216351985931
52,/home/bastien/scitas/bastien/results_CODE/results/ODEDIT/CELEBAHQ/fid/good_ones/2024-05-22_19-58/voronoi_noise/19849/ode/non_clipped/200_0.0001_0.png,voronoi_noise,19849,200_0.0001_0.png,ode,clipped,2024-05-22_19-58,200,0.0001,14.842178344726562,0.16759762167930603
53,/home/bastien/scitas/bastien/results_CODE/results/ODEDIT/CELEBAHQ/fid/good_ones/2024-05-22_19-58/voronoi_noise/19849/ode/non_clipped/200_0.001_0.png,voronoi_noise,19849,200_0.001_0.png,ode,clipped,2024-05-22_19-58,200,0.001,13.77380084991455,0.31434303522109985
54,/home/bastien/scitas/bastien/results_CODE/results/ODEDIT/CELEBAHQ/fid/good_ones/2024-05-22_19-58/voronoi_noise/24678/original.png,voronoi_noise,24678,original.png,none,none,2024-05-22_19-58,none,,inf,0.0
55,/home/bastien/scitas/bastien/results_CODE/results/ODEDIT/CELEBAHQ/fid/good_ones/2024-05-22_19-58/voronoi_noise/24678/corrupted.png,voronoi_noise,24678,corrupted.png,none,none,2024-05-22_19-58,none,,15.809372901916504,0.1677710860967636
56,/home/bastien/scitas/bastien/results_CODE/results/ODEDIT/CELEBAHQ/fid/good_ones/2024-05-22_19-58/voronoi_noise/24678/reconstruction/clipped/reconstruction_ddim.png,voronoi_noise,24678,reconstruction_ddim.png,reconstruction,clipped,2024-05-22_19-58,none,,15.571288108825684,0.21231579780578613
57,/home/bastien/scitas/bastien/results_CODE/results/ODEDIT/CELEBAHQ/fid/good_ones/2024-05-22_19-58/voronoi_noise/24678/ode/non_clipped/200_0.000316228_0.png,voronoi_noise,24678,200_0.000316228_0.png,ode,clipped,2024-05-22_19-58,200,0.0001,15.419451713562012,0.17143654823303223
58,/home/bastien/scitas/bastien/results_CODE/results/ODEDIT/CELEBAHQ/fid/good_ones/2024-05-22_19-58/voronoi_noise/24678/ode/non_clipped/200_0.0001_0.png,voronoi_noise,24678,200_0.0001_0.png,ode,clipped,2024-05-22_19-58,200,0.0001,15.591591835021973,0.1938454806804657
59,/home/bastien/scitas/bastien/results_CODE/results/ODEDIT/CELEBAHQ/fid/good_ones/2024-05-22_19-58/voronoi_noise/24678/ode/non_clipped/200_0.001_0.png,voronoi_noise,24678,200_0.001_0.png,ode,clipped,2024-05-22_19-58,200,0.001,15.381784439086914,0.19220678508281708
60,/home/bastien/scitas/bastien/results_CODE/results/ODEDIT/CELEBAHQ/fid/good_ones/2024-05-22_19-58/voronoi_noise/11087/original.png,voronoi_noise,11087,original.png,none,none,2024-05-22_19-58,none,,inf,0.0
61,/home/bastien/scitas/bastien/results_CODE/results/ODEDIT/CELEBAHQ/fid/good_ones/2024-05-22_19-58/voronoi_noise/11087/corrupted.png,voronoi_noise,11087,corrupted.png,none,none,2024-05-22_19-58,none,,16.837995529174805,0.10558916628360748
62,/home/bastien/scitas/bastien/results_CODE/results/ODEDIT/CELEBAHQ/fid/good_ones/2024-05-22_19-58/voronoi_noise/11087/reconstruction/clipped/reconstruction_ddim.png,voronoi_noise,11087,reconstruction_ddim.png,reconstruction,clipped,2024-05-22_19-58,none,,16.610898971557617,0.1729467511177063
63,/home/bastien/scitas/bastien/results_CODE/results/ODEDIT/CELEBAHQ/fid/good_ones/2024-05-22_19-58/voronoi_noise/11087/ode/non_clipped/200_0.000316228_0.png,voronoi_noise,11087,200_0.000316228_0.png,ode,clipped,2024-05-22_19-58,200,0.0001,16.274354934692383,0.18597429990768433
64,/home/bastien/scitas/bastien/results_CODE/results/ODEDIT/CELEBAHQ/fid/good_ones/2024-05-22_19-58/voronoi_noise/11087/ode/non_clipped/200_0.0001_0.png,voronoi_noise,11087,200_0.0001_0.png,ode,clipped,2024-05-22_19-58,200,0.0001,16.48845672607422,0.16221675276756287
65,/home/bastien/scitas/bastien/results_CODE/results/ODEDIT/CELEBAHQ/fid/good_ones/2024-05-22_19-58/voronoi_noise/11087/ode/non_clipped/200_0.001_0.png,voronoi_noise,11087,200_0.001_0.png,ode,clipped,2024-05-22_19-58,200,0.001,15.741704940795898,0.19892588257789612
66,/home/bastien/scitas/bastien/results_CODE/results/ODEDIT/CELEBAHQ/fid/good_ones/2024-05-22_19-58/voronoi_noise/18191/original.png,voronoi_noise,18191,original.png,none,none,2024-05-22_19-58,none,,inf,0.0
67,/home/bastien/scitas/bastien/results_CODE/results/ODEDIT/CELEBAHQ/fid/good_ones/2024-05-22_19-58/voronoi_noise/18191/corrupted.png,voronoi_noise,18191,corrupted.png,none,none,2024-05-22_19-58,none,,19.322900772094727,0.11426181346178055
68,/home/bastien/scitas/bastien/results_CODE/results/ODEDIT/CELEBAHQ/fid/good_ones/2024-05-22_19-58/voronoi_noise/18191/reconstruction/clipped/reconstruction_ddim.png,voronoi_noise,18191,reconstruction_ddim.png,reconstruction,clipped,2024-05-22_19-58,none,,18.590055465698242,0.2758115231990814
69,/home/bastien/scitas/bastien/results_CODE/results/ODEDIT/CELEBAHQ/fid/good_ones/2024-05-22_19-58/voronoi_noise/18191/ode/non_clipped/200_0.000316228_0.png,voronoi_noise,18191,200_0.000316228_0.png,ode,clipped,2024-05-22_19-58,200,0.0001,18.447481155395508,0.1915578544139862
70,/home/bastien/scitas/bastien/results_CODE/results/ODEDIT/CELEBAHQ/fid/good_ones/2024-05-22_19-58/voronoi_noise/18191/ode/non_clipped/200_0.0001_0.png,voronoi_noise,18191,200_0.0001_0.png,ode,clipped,2024-05-22_19-58,200,0.0001,19.039152145385742,0.16111570596694946
71,/home/bastien/scitas/bastien/results_CODE/results/ODEDIT/CELEBAHQ/fid/good_ones/2024-05-22_19-58/voronoi_noise/18191/ode/non_clipped/200_0.001_0.png,voronoi_noise,18191,200_0.001_0.png,ode,clipped,2024-05-22_19-58,200,0.001,18.327970504760742,0.1993548572063446
72,/home/bastien/scitas/bastien/results_CODE/results/ODEDIT/CELEBAHQ/fid/good_ones/2024-05-22_19-58/voronoi_noise/27052/original.png,voronoi_noise,27052,original.png,none,none,2024-05-22_19-58,none,,inf,0.0
73,/home/bastien/scitas/bastien/results_CODE/results/ODEDIT/CELEBAHQ/fid/good_ones/2024-05-22_19-58/voronoi_noise/27052/corrupted.png,voronoi_noise,27052,corrupted.png,none,none,2024-05-22_19-58,none,,17.163476943969727,0.179841086268425
74,/home/bastien/scitas/bastien/results_CODE/results/ODEDIT/CELEBAHQ/fid/good_ones/2024-05-22_19-58/voronoi_noise/27052/reconstruction/clipped/reconstruction_ddim.png,voronoi_noise,27052,reconstruction_ddim.png,reconstruction,clipped,2024-05-22_19-58,none,,17.109378814697266,0.2368822544813156
75,/home/bastien/scitas/bastien/results_CODE/results/ODEDIT/CELEBAHQ/fid/good_ones/2024-05-22_19-58/voronoi_noise/27052/ode/non_clipped/200_0.000316228_0.png,voronoi_noise,27052,200_0.000316228_0.png,ode,clipped,2024-05-22_19-58,200,0.0001,16.677993774414062,0.2746243178844452
76,/home/bastien/scitas/bastien/results_CODE/results/ODEDIT/CELEBAHQ/fid/good_ones/2024-05-22_19-58/voronoi_noise/27052/ode/non_clipped/200_0.0001_0.png,voronoi_noise,27052,200_0.0001_0.png,ode,clipped,2024-05-22_19-58,200,0.0001,17.19182777404785,0.2315097451210022
77,/home/bastien/scitas/bastien/results_CODE/results/ODEDIT/CELEBAHQ/fid/good_ones/2024-05-22_19-58/voronoi_noise/27052/ode/non_clipped/200_0.001_0.png,voronoi_noise,27052,200_0.001_0.png,ode,clipped,2024-05-22_19-58,200,0.001,16.332956314086914,0.27258139848709106
78,/home/bastien/scitas/bastien/results_CODE/results/ODEDIT/CELEBAHQ/fid/good_ones/2024-05-22_19-58/voronoi_noise/21118/original.png,voronoi_noise,21118,original.png,none,none,2024-05-22_19-58,none,,inf,0.0
79,/home/bastien/scitas/bastien/results_CODE/results/ODEDIT/CELEBAHQ/fid/good_ones/2024-05-22_19-58/voronoi_noise/21118/corrupted.png,voronoi_noise,21118,corrupted.png,none,none,2024-05-22_19-58,none,,16.45888328552246,0.10416136682033539
80,/home/bastien/scitas/bastien/results_CODE/results/ODEDIT/CELEBAHQ/fid/good_ones/2024-05-22_19-58/voronoi_noise/21118/reconstruction/clipped/reconstruction_ddim.png,voronoi_noise,21118,reconstruction_ddim.png,reconstruction,clipped,2024-05-22_19-58,none,,15.918167114257812,0.21398122608661652
81,/home/bastien/scitas/bastien/results_CODE/results/ODEDIT/CELEBAHQ/fid/good_ones/2024-05-22_19-58/voronoi_noise/21118/ode/non_clipped/200_0.000316228_0.png,voronoi_noise,21118,200_0.000316228_0.png,ode,clipped,2024-05-22_19-58,200,0.0001,14.953453063964844,0.28261861205101013
82,/home/bastien/scitas/bastien/results_CODE/results/ODEDIT/CELEBAHQ/fid/good_ones/2024-05-22_19-58/voronoi_noise/21118/ode/non_clipped/200_0.0001_0.png,voronoi_noise,21118,200_0.0001_0.png,ode,clipped,2024-05-22_19-58,200,0.0001,15.430904388427734,0.23199345171451569
83,/home/bastien/scitas/bastien/results_CODE/results/ODEDIT/CELEBAHQ/fid/good_ones/2024-05-22_19-58/voronoi_noise/21118/ode/non_clipped/200_0.001_0.png,voronoi_noise,21118,200_0.001_0.png,ode,clipped,2024-05-22_19-58,200,0.001,14.622056007385254,0.3698734939098358
84,/home/bastien/scitas/bastien/results_CODE/results/ODEDIT/CELEBAHQ/fid/good_ones/2024-05-22_19-58/voronoi_noise/17461/original.png,voronoi_noise,17461,original.png,none,none,2024-05-22_19-58,none,,inf,0.0
85,/home/bastien/scitas/bastien/results_CODE/results/ODEDIT/CELEBAHQ/fid/good_ones/2024-05-22_19-58/voronoi_noise/17461/corrupted.png,voronoi_noise,17461,corrupted.png,none,none,2024-05-22_19-58,none,,17.11783218383789,0.18891668319702148
86,/home/bastien/scitas/bastien/results_CODE/results/ODEDIT/CELEBAHQ/fid/good_ones/2024-05-22_19-58/voronoi_noise/17461/reconstruction/clipped/reconstruction_ddim.png,voronoi_noise,17461,reconstruction_ddim.png,reconstruction,clipped,2024-05-22_19-58,none,,16.5694522857666,0.23646467924118042
87,/home/bastien/scitas/bastien/results_CODE/results/ODEDIT/CELEBAHQ/fid/good_ones/2024-05-22_19-58/voronoi_noise/17461/ode/non_clipped/200_0.000316228_0.png,voronoi_noise,17461,200_0.000316228_0.png,ode,clipped,2024-05-22_19-58,200,0.0001,16.55548858642578,0.22835607826709747
88,/home/bastien/scitas/bastien/results_CODE/results/ODEDIT/CELEBAHQ/fid/good_ones/2024-05-22_19-58/voronoi_noise/17461/ode/non_clipped/200_0.0001_0.png,voronoi_noise,17461,200_0.0001_0.png,ode,clipped,2024-05-22_19-58,200,0.0001,16.523338317871094,0.235548734664917
89,/home/bastien/scitas/bastien/results_CODE/results/ODEDIT/CELEBAHQ/fid/good_ones/2024-05-22_19-58/voronoi_noise/17461/ode/non_clipped/200_0.001_0.png,voronoi_noise,17461,200_0.001_0.png,ode,clipped,2024-05-22_19-58,200,0.001,15.982644081115723,0.2583853304386139
90,/home/bastien/scitas/bastien/results_CODE/results/ODEDIT/CELEBAHQ/fid/good_ones/2024-05-22_19-58/voronoi_noise/4581/original.png,voronoi_noise,4581,original.png,none,none,2024-05-22_19-58,none,,inf,0.0
91,/home/bastien/scitas/bastien/results_CODE/results/ODEDIT/CELEBAHQ/fid/good_ones/2024-05-22_19-58/voronoi_noise/4581/corrupted.png,voronoi_noise,4581,corrupted.png,none,none,2024-05-22_19-58,none,,16.570398330688477,0.22137172520160675
92,/home/bastien/scitas/bastien/results_CODE/results/ODEDIT/CELEBAHQ/fid/good_ones/2024-05-22_19-58/voronoi_noise/4581/reconstruction/clipped/reconstruction_ddim.png,voronoi_noise,4581,reconstruction_ddim.png,reconstruction,clipped,2024-05-22_19-58,none,,18.00333023071289,0.21620529890060425
93,/home/bastien/scitas/bastien/results_CODE/results/ODEDIT/CELEBAHQ/fid/good_ones/2024-05-22_19-58/voronoi_noise/4581/ode/non_clipped/200_0.000316228_0.png,voronoi_noise,4581,200_0.000316228_0.png,ode,clipped,2024-05-22_19-58,200,0.0001,16.097524642944336,0.3298969268798828
94,/home/bastien/scitas/bastien/results_CODE/results/ODEDIT/CELEBAHQ/fid/good_ones/2024-05-22_19-58/voronoi_noise/4581/ode/non_clipped/200_0.0001_0.png,voronoi_noise,4581,200_0.0001_0.png,ode,clipped,2024-05-22_19-58,200,0.0001,16.316802978515625,0.3287736773490906
95,/home/bastien/scitas/bastien/results_CODE/results/ODEDIT/CELEBAHQ/fid/good_ones/2024-05-22_19-58/voronoi_noise/4581/ode/non_clipped/200_0.001_0.png,voronoi_noise,4581,200_0.001_0.png,ode,clipped,2024-05-22_19-58,200,0.001,16.2054443359375,0.3196128010749817
96,/home/bastien/scitas/bastien/results_CODE/results/ODEDIT/CELEBAHQ/fid/good_ones/2024-05-22_19-58/voronoi_noise/1669/original.png,voronoi_noise,1669,original.png,none,none,2024-05-22_19-58,none,,inf,0.0
97,/home/bastien/scitas/bastien/results_CODE/results/ODEDIT/CELEBAHQ/fid/good_ones/2024-05-22_19-58/voronoi_noise/1669/corrupted.png,voronoi_noise,1669,corrupted.png,none,none,2024-05-22_19-58,none,,18.787670135498047,0.21180744469165802
98,/home/bastien/scitas/bastien/results_CODE/results/ODEDIT/CELEBAHQ/fid/good_ones/2024-05-22_19-58/voronoi_noise/1669/reconstruction/clipped/reconstruction_ddim.png,voronoi_noise,1669,reconstruction_ddim.png,reconstruction,clipped,2024-05-22_19-58,none,,18.136930465698242,0.3509518504142761
99,/home/bastien/scitas/bastien/results_CODE/results/ODEDIT/CELEBAHQ/fid/good_ones/2024-05-22_19-58/voronoi_noise/1669/ode/non_clipped/200_0.000316228_0.png,voronoi_noise,1669,200_0.000316228_0.png,ode,clipped,2024-05-22_19-58,200,0.0001,17.765323638916016,0.3425922989845276
100,/home/bastien/scitas/bastien/results_CODE/results/ODEDIT/CELEBAHQ/fid/good_ones/2024-05-22_19-58/voronoi_noise/1669/ode/non_clipped/200_0.0001_0.png,voronoi_noise,1669,200_0.0001_0.png,ode,clipped,2024-05-22_19-58,200,0.0001,18.37554168701172,0.33758220076560974
101,/home/bastien/scitas/bastien/results_CODE/results/ODEDIT/CELEBAHQ/fid/good_ones/2024-05-22_19-58/voronoi_noise/1669/ode/non_clipped/200_0.001_0.png,voronoi_noise,1669,200_0.001_0.png,ode,clipped,2024-05-22_19-58,200,0.001,17.75231170654297,0.3528255820274353
102,/home/bastien/scitas/bastien/results_CODE/results/ODEDIT/CELEBAHQ/fid/good_ones/2024-05-22_19-58/voronoi_noise/23811/original.png,voronoi_noise,23811,original.png,none,none,2024-05-22_19-58,none,,inf,0.0
103,/home/bastien/scitas/bastien/results_CODE/results/ODEDIT/CELEBAHQ/fid/good_ones/2024-05-22_19-58/voronoi_noise/23811/corrupted.png,voronoi_noise,23811,corrupted.png,none,none,2024-05-22_19-58,none,,16.414199829101562,0.049217917025089264
104,/home/bastien/scitas/bastien/results_CODE/results/ODEDIT/CELEBAHQ/fid/good_ones/2024-05-22_19-58/voronoi_noise/23811/reconstruction/clipped/reconstruction_ddim.png,voronoi_noise,23811,reconstruction_ddim.png,reconstruction,clipped,2024-05-22_19-58,none,,15.803878784179688,0.15012472867965698
105,/home/bastien/scitas/bastien/results_CODE/results/ODEDIT/CELEBAHQ/fid/good_ones/2024-05-22_19-58/voronoi_noise/23811/ode/non_clipped/200_0.000316228_0.png,voronoi_noise,23811,200_0.000316228_0.png,ode,clipped,2024-05-22_19-58,200,0.0001,15.82945728302002,0.15601763129234314
106,/home/bastien/scitas/bastien/results_CODE/results/ODEDIT/CELEBAHQ/fid/good_ones/2024-05-22_19-58/voronoi_noise/23811/ode/non_clipped/200_0.0001_0.png,voronoi_noise,23811,200_0.0001_0.png,ode,clipped,2024-05-22_19-58,200,0.0001,15.916831970214844,0.14588677883148193
107,/home/bastien/scitas/bastien/results_CODE/results/ODEDIT/CELEBAHQ/fid/good_ones/2024-05-22_19-58/voronoi_noise/23811/ode/non_clipped/200_0.001_0.png,voronoi_noise,23811,200_0.001_0.png,ode,clipped,2024-05-22_19-58,200,0.001,15.516115188598633,0.2260047197341919
108,/home/bastien/scitas/bastien/results_CODE/results/ODEDIT/CELEBAHQ/fid/good_ones/2024-05-22_19-58/voronoi_noise/13891/original.png,voronoi_noise,13891,original.png,none,none,2024-05-22_19-58,none,,inf,0.0
109,/home/bastien/scitas/bastien/results_CODE/results/ODEDIT/CELEBAHQ/fid/good_ones/2024-05-22_19-58/voronoi_noise/13891/corrupted.png,voronoi_noise,13891,corrupted.png,none,none,2024-05-22_19-58,none,,16.988130569458008,0.12520384788513184
110,/home/bastien/scitas/bastien/results_CODE/results/ODEDIT/CELEBAHQ/fid/good_ones/2024-05-22_19-58/voronoi_noise/13891/reconstruction/clipped/reconstruction_ddim.png,voronoi_noise,13891,reconstruction_ddim.png,reconstruction,clipped,2024-05-22_19-58,none,,16.609636306762695,0.23192256689071655
111,/home/bastien/scitas/bastien/results_CODE/results/ODEDIT/CELEBAHQ/fid/good_ones/2024-05-22_19-58/voronoi_noise/13891/ode/non_clipped/200_0.000316228_0.png,voronoi_noise,13891,200_0.000316228_0.png,ode,clipped,2024-05-22_19-58,200,0.0001,16.867258071899414,0.2232658565044403
112,/home/bastien/scitas/bastien/results_CODE/results/ODEDIT/CELEBAHQ/fid/good_ones/2024-05-22_19-58/voronoi_noise/13891/ode/non_clipped/200_0.0001_0.png,voronoi_noise,13891,200_0.0001_0.png,ode,clipped,2024-05-22_19-58,200,0.0001,16.82808494567871,0.1937868893146515
113,/home/bastien/scitas/bastien/results_CODE/results/ODEDIT/CELEBAHQ/fid/good_ones/2024-05-22_19-58/voronoi_noise/13891/ode/non_clipped/200_0.001_0.png,voronoi_noise,13891,200_0.001_0.png,ode,clipped,2024-05-22_19-58,200,0.001,16.683168411254883,0.2530837059020996
114,/home/bastien/scitas/bastien/results_CODE/results/ODEDIT/CELEBAHQ/fid/good_ones/2024-05-22_19-58/voronoi_noise/3327/original.png,voronoi_noise,3327,original.png,none,none,2024-05-22_19-58,none,,inf,0.0
115,/home/bastien/scitas/bastien/results_CODE/results/ODEDIT/CELEBAHQ/fid/good_ones/2024-05-22_19-58/voronoi_noise/3327/corrupted.png,voronoi_noise,3327,corrupted.png,none,none,2024-05-22_19-58,none,,18.868263244628906,0.18228167295455933
116,/home/bastien/scitas/bastien/results_CODE/results/ODEDIT/CELEBAHQ/fid/good_ones/2024-05-22_19-58/voronoi_noise/3327/reconstruction/clipped/reconstruction_ddim.png,voronoi_noise,3327,reconstruction_ddim.png,reconstruction,clipped,2024-05-22_19-58,none,,18.554039001464844,0.3263808786869049
117,/home/bastien/scitas/bastien/results_CODE/results/ODEDIT/CELEBAHQ/fid/good_ones/2024-05-22_19-58/voronoi_noise/3327/ode/non_clipped/200_0.000316228_0.png,voronoi_noise,3327,200_0.000316228_0.png,ode,clipped,2024-05-22_19-58,200,0.0001,18.67463493347168,0.2106972336769104
118,/home/bastien/scitas/bastien/results_CODE/results/ODEDIT/CELEBAHQ/fid/good_ones/2024-05-22_19-58/voronoi_noise/3327/ode/non_clipped/200_0.0001_0.png,voronoi_noise,3327,200_0.0001_0.png,ode,clipped,2024-05-22_19-58,200,0.0001,19.00110626220703,0.21776697039604187
119,/home/bastien/scitas/bastien/results_CODE/results/ODEDIT/CELEBAHQ/fid/good_ones/2024-05-22_19-58/voronoi_noise/3327/ode/non_clipped/200_0.001_0.png,voronoi_noise,3327,200_0.001_0.png,ode,clipped,2024-05-22_19-58,200,0.001,19.05348014831543,0.24190965294837952
120,/home/bastien/scitas/bastien/results_CODE/results/ODEDIT/CELEBAHQ/fid/good_ones/2024-05-22_19-58/voronoi_noise/28500/original.png,voronoi_noise,28500,original.png,none,none,2024-05-22_19-58,none,,inf,0.0
121,/home/bastien/scitas/bastien/results_CODE/results/ODEDIT/CELEBAHQ/fid/good_ones/2024-05-22_19-58/voronoi_noise/28500/corrupted.png,voronoi_noise,28500,corrupted.png,none,none,2024-05-22_19-58,none,,16.33633804321289,0.22465035319328308
122,/home/bastien/scitas/bastien/results_CODE/results/ODEDIT/CELEBAHQ/fid/good_ones/2024-05-22_19-58/voronoi_noise/28500/reconstruction/clipped/reconstruction_ddim.png,voronoi_noise,28500,reconstruction_ddim.png,reconstruction,clipped,2024-05-22_19-58,none,,16.052261352539062,0.14540988206863403
123,/home/bastien/scitas/bastien/results_CODE/results/ODEDIT/CELEBAHQ/fid/good_ones/2024-05-22_19-58/voronoi_noise/28500/ode/non_clipped/200_0.000316228_0.png,voronoi_noise,28500,200_0.000316228_0.png,ode,clipped,2024-05-22_19-58,200,0.0001,16.305124282836914,0.19269461929798126
124,/home/bastien/scitas/bastien/results_CODE/results/ODEDIT/CELEBAHQ/fid/good_ones/2024-05-22_19-58/voronoi_noise/28500/ode/non_clipped/200_0.0001_0.png,voronoi_noise,28500,200_0.0001_0.png,ode,clipped,2024-05-22_19-58,200,0.0001,16.334470748901367,0.2003793865442276
125,/home/bastien/scitas/bastien/results_CODE/results/ODEDIT/CELEBAHQ/fid/good_ones/2024-05-22_19-58/voronoi_noise/28500/ode/non_clipped/200_0.001_0.png,voronoi_noise,28500,200_0.001_0.png,ode,clipped,2024-05-22_19-58,200,0.001,15.45427417755127,0.25532814860343933
126,/home/bastien/scitas/bastien/results_CODE/results/ODEDIT/CELEBAHQ/fid/good_ones/2024-05-22_19-58/voronoi_noise/13685/original.png,voronoi_noise,13685,original.png,none,none,2024-05-22_19-58,none,,inf,0.0
127,/home/bastien/scitas/bastien/results_CODE/results/ODEDIT/CELEBAHQ/fid/good_ones/2024-05-22_19-58/voronoi_noise/13685/corrupted.png,voronoi_noise,13685,corrupted.png,none,none,2024-05-22_19-58,none,,16.71236801147461,0.25855016708374023
128,/home/bastien/scitas/bastien/results_CODE/results/ODEDIT/CELEBAHQ/fid/good_ones/2024-05-22_19-58/voronoi_noise/13685/reconstruction/clipped/reconstruction_ddim.png,voronoi_noise,13685,reconstruction_ddim.png,reconstruction,clipped,2024-05-22_19-58,none,,16.398014068603516,0.27360159158706665
129,/home/bastien/scitas/bastien/results_CODE/results/ODEDIT/CELEBAHQ/fid/good_ones/2024-05-22_19-58/voronoi_noise/13685/ode/non_clipped/200_0.000316228_0.png,voronoi_noise,13685,200_0.000316228_0.png,ode,clipped,2024-05-22_19-58,200,0.0001,16.404617309570312,0.18641288578510284
130,/home/bastien/scitas/bastien/results_CODE/results/ODEDIT/CELEBAHQ/fid/good_ones/2024-05-22_19-58/voronoi_noise/13685/ode/non_clipped/200_0.0001_0.png,voronoi_noise,13685,200_0.0001_0.png,ode,clipped,2024-05-22_19-58,200,0.0001,16.71092414855957,0.23190899193286896
131,/home/bastien/scitas/bastien/results_CODE/results/ODEDIT/CELEBAHQ/fid/good_ones/2024-05-22_19-58/voronoi_noise/13685/ode/non_clipped/200_0.001_0.png,voronoi_noise,13685,200_0.001_0.png,ode,clipped,2024-05-22_19-58,200,0.001,15.960575103759766,0.22219261527061462
132,/home/bastien/scitas/bastien/results_CODE/results/ODEDIT/CELEBAHQ/fid/good_ones/2024-05-22_19-58/voronoi_noise/28203/original.png,voronoi_noise,28203,original.png,none,none,2024-05-22_19-58,none,,inf,0.0
133,/home/bastien/scitas/bastien/results_CODE/results/ODEDIT/CELEBAHQ/fid/good_ones/2024-05-22_19-58/voronoi_noise/28203/corrupted.png,voronoi_noise,28203,corrupted.png,none,none,2024-05-22_19-58,none,,16.35662078857422,0.08220583200454712
134,/home/bastien/scitas/bastien/results_CODE/results/ODEDIT/CELEBAHQ/fid/good_ones/2024-05-22_19-58/voronoi_noise/28203/reconstruction/clipped/reconstruction_ddim.png,voronoi_noise,28203,reconstruction_ddim.png,reconstruction,clipped,2024-05-22_19-58,none,,16.120250701904297,0.17510244250297546
135,/home/bastien/scitas/bastien/results_CODE/results/ODEDIT/CELEBAHQ/fid/good_ones/2024-05-22_19-58/voronoi_noise/28203/ode/non_clipped/200_0.000316228_0.png,voronoi_noise,28203,200_0.000316228_0.png,ode,clipped,2024-05-22_19-58,200,0.0001,15.660892486572266,0.20665809512138367
136,/home/bastien/scitas/bastien/results_CODE/results/ODEDIT/CELEBAHQ/fid/good_ones/2024-05-22_19-58/voronoi_noise/28203/ode/non_clipped/200_0.0001_0.png,voronoi_noise,28203,200_0.0001_0.png,ode,clipped,2024-05-22_19-58,200,0.0001,16.13898468017578,0.192177414894104
137,/home/bastien/scitas/bastien/results_CODE/results/ODEDIT/CELEBAHQ/fid/good_ones/2024-05-22_19-58/voronoi_noise/28203/ode/non_clipped/200_0.001_0.png,voronoi_noise,28203,200_0.001_0.png,ode,clipped,2024-05-22_19-58,200,0.001,15.520968437194824,0.24326583743095398
138,/home/bastien/scitas/bastien/results_CODE/results/ODEDIT/CELEBAHQ/fid/good_ones/2024-05-22_19-58/voronoi_noise/10536/original.png,voronoi_noise,10536,original.png,none,none,2024-05-22_19-58,none,,inf,0.0
139,/home/bastien/scitas/bastien/results_CODE/results/ODEDIT/CELEBAHQ/fid/good_ones/2024-05-22_19-58/voronoi_noise/10536/corrupted.png,voronoi_noise,10536,corrupted.png,none,none,2024-05-22_19-58,none,,15.995025634765625,0.1075659841299057
140,/home/bastien/scitas/bastien/results_CODE/results/ODEDIT/CELEBAHQ/fid/good_ones/2024-05-22_19-58/voronoi_noise/10536/reconstruction/clipped/reconstruction_ddim.png,voronoi_noise,10536,reconstruction_ddim.png,reconstruction,clipped,2024-05-22_19-58,none,,15.452991485595703,0.20357266068458557
141,/home/bastien/scitas/bastien/results_CODE/results/ODEDIT/CELEBAHQ/fid/good_ones/2024-05-22_19-58/voronoi_noise/10536/ode/non_clipped/200_0.000316228_0.png,voronoi_noise,10536,200_0.000316228_0.png,ode,clipped,2024-05-22_19-58,200,0.0001,15.33635425567627,0.2182484269142151
142,/home/bastien/scitas/bastien/results_CODE/results/ODEDIT/CELEBAHQ/fid/good_ones/2024-05-22_19-58/voronoi_noise/10536/ode/non_clipped/200_0.0001_0.png,voronoi_noise,10536,200_0.0001_0.png,ode,clipped,2024-05-22_19-58,200,0.0001,15.546588897705078,0.21848458051681519
143,/home/bastien/scitas/bastien/results_CODE/results/ODEDIT/CELEBAHQ/fid/good_ones/2024-05-22_19-58/voronoi_noise/10536/ode/non_clipped/200_0.001_0.png,voronoi_noise,10536,200_0.001_0.png,ode,clipped,2024-05-22_19-58,200,0.001,14.861339569091797,0.29912322759628296
144,/home/bastien/scitas/bastien/results_CODE/results/ODEDIT/CELEBAHQ/fid/good_ones/2024-05-22_19-58/voronoi_noise/9356/original.png,voronoi_noise,9356,original.png,none,none,2024-05-22_19-58,none,,inf,0.0
145,/home/bastien/scitas/bastien/results_CODE/results/ODEDIT/CELEBAHQ/fid/good_ones/2024-05-22_19-58/voronoi_noise/9356/corrupted.png,voronoi_noise,9356,corrupted.png,none,none,2024-05-22_19-58,none,,16.9168643951416,0.23461240530014038
146,/home/bastien/scitas/bastien/results_CODE/results/ODEDIT/CELEBAHQ/fid/good_ones/2024-05-22_19-58/voronoi_noise/9356/reconstruction/clipped/reconstruction_ddim.png,voronoi_noise,9356,reconstruction_ddim.png,reconstruction,clipped,2024-05-22_19-58,none,,16.662080764770508,0.33373352885246277
147,/home/bastien/scitas/bastien/results_CODE/results/ODEDIT/CELEBAHQ/fid/good_ones/2024-05-22_19-58/voronoi_noise/9356/ode/non_clipped/200_0.000316228_0.png,voronoi_noise,9356,200_0.000316228_0.png,ode,clipped,2024-05-22_19-58,200,0.0001,16.309803009033203,0.2474343478679657
148,/home/bastien/scitas/bastien/results_CODE/results/ODEDIT/CELEBAHQ/fid/good_ones/2024-05-22_19-58/voronoi_noise/9356/ode/non_clipped/200_0.0001_0.png,voronoi_noise,9356,200_0.0001_0.png,ode,clipped,2024-05-22_19-58,200,0.0001,16.847679138183594,0.22815090417861938
149,/home/bastien/scitas/bastien/results_CODE/results/ODEDIT/CELEBAHQ/fid/good_ones/2024-05-22_19-58/voronoi_noise/9356/ode/non_clipped/200_0.001_0.png,voronoi_noise,9356,200_0.001_0.png,ode,clipped,2024-05-22_19-58,200,0.001,16.5566463470459,0.299103319644928
150,/home/bastien/scitas/bastien/results_CODE/results/ODEDIT/CELEBAHQ/fid/good_ones/2024-05-22_19-58/voronoi_noise/25276/original.png,voronoi_noise,25276,original.png,none,none,2024-05-22_19-58,none,,inf,0.0
151,/home/bastien/scitas/bastien/results_CODE/results/ODEDIT/CELEBAHQ/fid/good_ones/2024-05-22_19-58/voronoi_noise/25276/corrupted.png,voronoi_noise,25276,corrupted.png,none,none,2024-05-22_19-58,none,,16.950902938842773,0.15531045198440552
152,/home/bastien/scitas/bastien/results_CODE/results/ODEDIT/CELEBAHQ/fid/good_ones/2024-05-22_19-58/voronoi_noise/25276/reconstruction/clipped/reconstruction_ddim.png,voronoi_noise,25276,reconstruction_ddim.png,reconstruction,clipped,2024-05-22_19-58,none,,17.964859008789062,0.20680180191993713
153,/home/bastien/scitas/bastien/results_CODE/results/ODEDIT/CELEBAHQ/fid/good_ones/2024-05-22_19-58/voronoi_noise/25276/ode/non_clipped/200_0.000316228_0.png,voronoi_noise,25276,200_0.000316228_0.png,ode,clipped,2024-05-22_19-58,200,0.0001,16.67384910583496,0.25872525572776794
154,/home/bastien/scitas/bastien/results_CODE/results/ODEDIT/CELEBAHQ/fid/good_ones/2024-05-22_19-58/voronoi_noise/25276/ode/non_clipped/200_0.0001_0.png,voronoi_noise,25276,200_0.0001_0.png,ode,clipped,2024-05-22_19-58,200,0.0001,16.783905029296875,0.2582263648509979
155,/home/bastien/scitas/bastien/results_CODE/results/ODEDIT/CELEBAHQ/fid/good_ones/2024-05-22_19-58/voronoi_noise/25276/ode/non_clipped/200_0.001_0.png,voronoi_noise,25276,200_0.001_0.png,ode,clipped,2024-05-22_19-58,200,0.001,15.784199714660645,0.24698090553283691
156,/home/bastien/scitas/bastien/results_CODE/results/ODEDIT/CELEBAHQ/fid/good_ones/2024-05-22_19-58/voronoi_noise/28465/original.png,voronoi_noise,28465,original.png,none,none,2024-05-22_19-58,none,,inf,0.0
157,/home/bastien/scitas/bastien/results_CODE/results/ODEDIT/CELEBAHQ/fid/good_ones/2024-05-22_19-58/voronoi_noise/28465/corrupted.png,voronoi_noise,28465,corrupted.png,none,none,2024-05-22_19-58,none,,15.6366548538208,0.09428603202104568
158,/home/bastien/scitas/bastien/results_CODE/results/ODEDIT/CELEBAHQ/fid/good_ones/2024-05-22_19-58/voronoi_noise/28465/reconstruction/clipped/reconstruction_ddim.png,voronoi_noise,28465,reconstruction_ddim.png,reconstruction,clipped,2024-05-22_19-58,none,,15.476017951965332,0.2192477285861969
159,/home/bastien/scitas/bastien/results_CODE/results/ODEDIT/CELEBAHQ/fid/good_ones/2024-05-22_19-58/voronoi_noise/28465/ode/non_clipped/200_0.000316228_0.png,voronoi_noise,28465,200_0.000316228_0.png,ode,clipped,2024-05-22_19-58,200,0.0001,14.903221130371094,0.19782015681266785
160,/home/bastien/scitas/bastien/results_CODE/results/ODEDIT/CELEBAHQ/fid/good_ones/2024-05-22_19-58/voronoi_noise/28465/ode/non_clipped/200_0.0001_0.png,voronoi_noise,28465,200_0.0001_0.png,ode,clipped,2024-05-22_19-58,200,0.0001,15.295184135437012,0.1804848313331604
161,/home/bastien/scitas/bastien/results_CODE/results/ODEDIT/CELEBAHQ/fid/good_ones/2024-05-22_19-58/voronoi_noise/28465/ode/non_clipped/200_0.001_0.png,voronoi_noise,28465,200_0.001_0.png,ode,clipped,2024-05-22_19-58,200,0.001,14.85111141204834,0.255018025636673
162,/home/bastien/scitas/bastien/results_CODE/results/ODEDIT/CELEBAHQ/fid/good_ones/2024-05-22_19-58/voronoi_noise/5365/original.png,voronoi_noise,5365,original.png,none,none,2024-05-22_19-58,none,,inf,0.0
163,/home/bastien/scitas/bastien/results_CODE/results/ODEDIT/CELEBAHQ/fid/good_ones/2024-05-22_19-58/voronoi_noise/5365/corrupted.png,voronoi_noise,5365,corrupted.png,none,none,2024-05-22_19-58,none,,19.464826583862305,0.13476520776748657
164,/home/bastien/scitas/bastien/results_CODE/results/ODEDIT/CELEBAHQ/fid/good_ones/2024-05-22_19-58/voronoi_noise/5365/reconstruction/clipped/reconstruction_ddim.png,voronoi_noise,5365,reconstruction_ddim.png,reconstruction,clipped,2024-05-22_19-58,none,,18.93803596496582,0.29470521211624146
165,/home/bastien/scitas/bastien/results_CODE/results/ODEDIT/CELEBAHQ/fid/good_ones/2024-05-22_19-58/voronoi_noise/5365/ode/non_clipped/200_0.000316228_0.png,voronoi_noise,5365,200_0.000316228_0.png,ode,clipped,2024-05-22_19-58,200,0.0001,19.41960334777832,0.24715135991573334
166,/home/bastien/scitas/bastien/results_CODE/results/ODEDIT/CELEBAHQ/fid/good_ones/2024-05-22_19-58/voronoi_noise/5365/ode/non_clipped/200_0.0001_0.png,voronoi_noise,5365,200_0.0001_0.png,ode,clipped,2024-05-22_19-58,200,0.0001,19.047712326049805,0.2464885264635086
167,/home/bastien/scitas/bastien/results_CODE/results/ODEDIT/CELEBAHQ/fid/good_ones/2024-05-22_19-58/voronoi_noise/5365/ode/non_clipped/200_0.001_0.png,voronoi_noise,5365,200_0.001_0.png,ode,clipped,2024-05-22_19-58,200,0.001,18.87742805480957,0.23237916827201843
168,/home/bastien/scitas/bastien/results_CODE/results/ODEDIT/CELEBAHQ/fid/good_ones/2024-05-22_19-58/voronoi_noise/10567/original.png,voronoi_noise,10567,original.png,none,none,2024-05-22_19-58,none,,inf,0.0
169,/home/bastien/scitas/bastien/results_CODE/results/ODEDIT/CELEBAHQ/fid/good_ones/2024-05-22_19-58/voronoi_noise/10567/corrupted.png,voronoi_noise,10567,corrupted.png,none,none,2024-05-22_19-58,none,,17.50551986694336,0.350857675075531
170,/home/bastien/scitas/bastien/results_CODE/results/ODEDIT/CELEBAHQ/fid/good_ones/2024-05-22_19-58/voronoi_noise/10567/reconstruction/clipped/reconstruction_ddim.png,voronoi_noise,10567,reconstruction_ddim.png,reconstruction,clipped,2024-05-22_19-58,none,,18.035686492919922,0.3143143355846405
171,/home/bastien/scitas/bastien/results_CODE/results/ODEDIT/CELEBAHQ/fid/good_ones/2024-05-22_19-58/voronoi_noise/10567/ode/non_clipped/200_0.000316228_0.png,voronoi_noise,10567,200_0.000316228_0.png,ode,clipped,2024-05-22_19-58,200,0.0001,17.806211471557617,0.2583310902118683
172,/home/bastien/scitas/bastien/results_CODE/results/ODEDIT/CELEBAHQ/fid/good_ones/2024-05-22_19-58/voronoi_noise/10567/ode/non_clipped/200_0.0001_0.png,voronoi_noise,10567,200_0.0001_0.png,ode,clipped,2024-05-22_19-58,200,0.0001,17.88668441772461,0.2566445767879486
173,/home/bastien/scitas/bastien/results_CODE/results/ODEDIT/CELEBAHQ/fid/good_ones/2024-05-22_19-58/voronoi_noise/10567/ode/non_clipped/200_0.001_0.png,voronoi_noise,10567,200_0.001_0.png,ode,clipped,2024-05-22_19-58,200,0.001,17.69121742248535,0.2612016201019287
174,/home/bastien/scitas/bastien/results_CODE/results/ODEDIT/CELEBAHQ/fid/good_ones/2024-05-22_19-58/voronoi_noise/491/original.png,voronoi_noise,491,original.png,none,none,2024-05-22_19-58,none,,inf,0.0
175,/home/bastien/scitas/bastien/results_CODE/results/ODEDIT/CELEBAHQ/fid/good_ones/2024-05-22_19-58/voronoi_noise/491/corrupted.png,voronoi_noise,491,corrupted.png,none,none,2024-05-22_19-58,none,,17.93992805480957,0.17140406370162964
176,/home/bastien/scitas/bastien/results_CODE/results/ODEDIT/CELEBAHQ/fid/good_ones/2024-05-22_19-58/voronoi_noise/491/reconstruction/clipped/reconstruction_ddim.png,voronoi_noise,491,reconstruction_ddim.png,reconstruction,clipped,2024-05-22_19-58,none,,18.35016441345215,0.3357968330383301
177,/home/bastien/scitas/bastien/results_CODE/results/ODEDIT/CELEBAHQ/fid/good_ones/2024-05-22_19-58/voronoi_noise/491/ode/non_clipped/200_0.000316228_0.png,voronoi_noise,491,200_0.000316228_0.png,ode,clipped,2024-05-22_19-58,200,0.0001,17.339210510253906,0.33950352668762207
178,/home/bastien/scitas/bastien/results_CODE/results/ODEDIT/CELEBAHQ/fid/good_ones/2024-05-22_19-58/voronoi_noise/491/ode/non_clipped/200_0.0001_0.png,voronoi_noise,491,200_0.0001_0.png,ode,clipped,2024-05-22_19-58,200,0.0001,17.56062126159668,0.2654496729373932
179,/home/bastien/scitas/bastien/results_CODE/results/ODEDIT/CELEBAHQ/fid/good_ones/2024-05-22_19-58/voronoi_noise/491/ode/non_clipped/200_0.001_0.png,voronoi_noise,491,200_0.001_0.png,ode,clipped,2024-05-22_19-58,200,0.001,17.68191146850586,0.3643724322319031
180,/home/bastien/scitas/bastien/results_CODE/results/ODEDIT/CELEBAHQ/fid/good_ones/2024-05-22_19-58/voronoi_noise/5325/original.png,voronoi_noise,5325,original.png,none,none,2024-05-22_19-58,none,,inf,0.0
181,/home/bastien/scitas/bastien/results_CODE/results/ODEDIT/CELEBAHQ/fid/good_ones/2024-05-22_19-58/voronoi_noise/5325/corrupted.png,voronoi_noise,5325,corrupted.png,none,none,2024-05-22_19-58,none,,18.596044540405273,0.1526585817337036
182,/home/bastien/scitas/bastien/results_CODE/results/ODEDIT/CELEBAHQ/fid/good_ones/2024-05-22_19-58/voronoi_noise/5325/reconstruction/clipped/reconstruction_ddim.png,voronoi_noise,5325,reconstruction_ddim.png,reconstruction,clipped,2024-05-22_19-58,none,,18.185400009155273,0.289963036775589
183,/home/bastien/scitas/bastien/results_CODE/results/ODEDIT/CELEBAHQ/fid/good_ones/2024-05-22_19-58/voronoi_noise/5325/ode/non_clipped/200_0.000316228_0.png,voronoi_noise,5325,200_0.000316228_0.png,ode,clipped,2024-05-22_19-58,200,0.0001,18.07538414001465,0.24860593676567078
184,/home/bastien/scitas/bastien/results_CODE/results/ODEDIT/CELEBAHQ/fid/good_ones/2024-05-22_19-58/voronoi_noise/5325/ode/non_clipped/200_0.0001_0.png,voronoi_noise,5325,200_0.0001_0.png,ode,clipped,2024-05-22_19-58,200,0.0001,18.45929718017578,0.2527899444103241
185,/home/bastien/scitas/bastien/results_CODE/results/ODEDIT/CELEBAHQ/fid/good_ones/2024-05-22_19-58/voronoi_noise/5325/ode/non_clipped/200_0.001_0.png,voronoi_noise,5325,200_0.001_0.png,ode,clipped,2024-05-22_19-58,200,0.001,17.704328536987305,0.2950604259967804
186,/home/bastien/scitas/bastien/results_CODE/results/ODEDIT/CELEBAHQ/fid/good_ones/2024-05-22_19-58/voronoi_noise/12798/original.png,voronoi_noise,12798,original.png,none,none,2024-05-22_19-58,none,,inf,0.0
187,/home/bastien/scitas/bastien/results_CODE/results/ODEDIT/CELEBAHQ/fid/good_ones/2024-05-22_19-58/voronoi_noise/12798/corrupted.png,voronoi_noise,12798,corrupted.png,none,none,2024-05-22_19-58,none,,15.903558731079102,0.12580730020999908
188,/home/bastien/scitas/bastien/results_CODE/results/ODEDIT/CELEBAHQ/fid/good_ones/2024-05-22_19-58/voronoi_noise/12798/reconstruction/clipped/reconstruction_ddim.png,voronoi_noise,12798,reconstruction_ddim.png,reconstruction,clipped,2024-05-22_19-58,none,,15.109579086303711,0.2573148310184479
189,/home/bastien/scitas/bastien/results_CODE/results/ODEDIT/CELEBAHQ/fid/good_ones/2024-05-22_19-58/voronoi_noise/12798/ode/non_clipped/200_0.000316228_0.png,voronoi_noise,12798,200_0.000316228_0.png,ode,clipped,2024-05-22_19-58,200,0.0001,15.427742958068848,0.207425057888031
190,/home/bastien/scitas/bastien/results_CODE/results/ODEDIT/CELEBAHQ/fid/good_ones/2024-05-22_19-58/voronoi_noise/12798/ode/non_clipped/200_0.0001_0.png,voronoi_noise,12798,200_0.0001_0.png,ode,clipped,2024-05-22_19-58,200,0.0001,15.623183250427246,0.24183985590934753
191,/home/bastien/scitas/bastien/results_CODE/results/ODEDIT/CELEBAHQ/fid/good_ones/2024-05-22_19-58/voronoi_noise/12798/ode/non_clipped/200_0.001_0.png,voronoi_noise,12798,200_0.001_0.png,ode,clipped,2024-05-22_19-58,200,0.001,14.843732833862305,0.26100051403045654
192,/home/bastien/scitas/bastien/results_CODE/results/ODEDIT/CELEBAHQ/fid/good_ones/2024-05-22_19-58/voronoi_noise/10702/original.png,voronoi_noise,10702,original.png,none,none,2024-05-22_19-58,none,,inf,0.0
193,/home/bastien/scitas/bastien/results_CODE/results/ODEDIT/CELEBAHQ/fid/good_ones/2024-05-22_19-58/voronoi_noise/10702/corrupted.png,voronoi_noise,10702,corrupted.png,none,none,2024-05-22_19-58,none,,16.521440505981445,0.11711745709180832
194,/home/bastien/scitas/bastien/results_CODE/results/ODEDIT/CELEBAHQ/fid/good_ones/2024-05-22_19-58/voronoi_noise/10702/reconstruction/clipped/reconstruction_ddim.png,voronoi_noise,10702,reconstruction_ddim.png,reconstruction,clipped,2024-05-22_19-58,none,,16.803539276123047,0.13350795209407806
195,/home/bastien/scitas/bastien/results_CODE/results/ODEDIT/CELEBAHQ/fid/good_ones/2024-05-22_19-58/voronoi_noise/10702/ode/non_clipped/200_0.000316228_0.png,voronoi_noise,10702,200_0.000316228_0.png,ode,clipped,2024-05-22_19-58,200,0.0001,16.412982940673828,0.18539518117904663
196,/home/bastien/scitas/bastien/results_CODE/results/ODEDIT/CELEBAHQ/fid/good_ones/2024-05-22_19-58/voronoi_noise/10702/ode/non_clipped/200_0.0001_0.png,voronoi_noise,10702,200_0.0001_0.png,ode,clipped,2024-05-22_19-58,200,0.0001,16.338245391845703,0.184859961271286
197,/home/bastien/scitas/bastien/results_CODE/results/ODEDIT/CELEBAHQ/fid/good_ones/2024-05-22_19-58/voronoi_noise/10702/ode/non_clipped/200_0.001_0.png,voronoi_noise,10702,200_0.001_0.png,ode,clipped,2024-05-22_19-58,200,0.001,16.10616683959961,0.21908041834831238
198,/home/bastien/scitas/bastien/results_CODE/results/ODEDIT/CELEBAHQ/fid/good_ones/2024-05-22_19-58/voronoi_noise/13228/original.png,voronoi_noise,13228,original.png,none,none,2024-05-22_19-58,none,,inf,0.0
199,/home/bastien/scitas/bastien/results_CODE/results/ODEDIT/CELEBAHQ/fid/good_ones/2024-05-22_19-58/voronoi_noise/13228/corrupted.png,voronoi_noise,13228,corrupted.png,none,none,2024-05-22_19-58,none,,15.295411109924316,0.10791544616222382
200,/home/bastien/scitas/bastien/results_CODE/results/ODEDIT/CELEBAHQ/fid/good_ones/2024-05-22_19-58/voronoi_noise/13228/reconstruction/clipped/reconstruction_ddim.png,voronoi_noise,13228,reconstruction_ddim.png,reconstruction,clipped,2024-05-22_19-58,none,,14.95632553100586,0.1887928694486618
