,img_id,corruption,algo,clipping,latent,epsilon,path,filename,timestamp,psnr_to_target,lpips_to_target
0,10536,voronoi_noise,ode,clipped,200,0.0001,/home/bastien/scitas/bastien/results_CODE/results/ODEDIT/CELEBAHQ/fid/good_ones/2024-05-22_19-58/voronoi_noise/10536/ode/non_clipped/200_0.0001_0.png,200_0.0001_0.png,2024-05-22_19-58,15.546588897705078,0.21848458051681519
1,10536,voronoi_noise,ode,clipped,200,0.001,/home/bastien/scitas/bastien/results_CODE/results/ODEDIT/CELEBAHQ/fid/good_ones/2024-05-22_19-58/voronoi_noise/10536/ode/non_clipped/200_0.001_0.png,200_0.001_0.png,2024-05-22_19-58,14.861339569091797,0.29912322759628296
2,10567,voronoi_noise,ode,clipped,200,0.0001,/home/bastien/scitas/bastien/results_CODE/results/ODEDIT/CELEBAHQ/fid/good_ones/2024-05-22_19-58/voronoi_noise/10567/ode/non_clipped/200_0.0001_0.png,200_0.0001_0.png,2024-05-22_19-58,17.88668441772461,0.2566445767879486
3,10567,voronoi_noise,ode,clipped,200,0.001,/home/bastien/scitas/bastien/results_CODE/results/ODEDIT/CELEBAHQ/fid/good_ones/2024-05-22_19-58/voronoi_noise/10567/ode/non_clipped/200_0.001_0.png,200_0.001_0.png,2024-05-22_19-58,17.69121742248535,0.2612016201019287
4,10702,voronoi_noise,ode,clipped,200,0.0001,/home/bastien/scitas/bastien/results_CODE/results/ODEDIT/CELEBAHQ/fid/good_ones/2024-05-22_19-58/voronoi_noise/10702/ode/non_clipped/200_0.000316228_0.png,200_0.000316228_0.png,2024-05-22_19-58,16.412982940673828,0.18539518117904663
5,10702,voronoi_noise,ode,clipped,200,0.001,/home/bastien/scitas/bastien/results_CODE/results/ODEDIT/CELEBAHQ/fid/good_ones/2024-05-22_19-58/voronoi_noise/10702/ode/non_clipped/200_0.001_0.png,200_0.001_0.png,2024-05-22_19-58,16.10616683959961,0.21908041834831238
6,11087,voronoi_noise,ode,clipped,200,0.0001,/home/bastien/scitas/bastien/results_CODE/results/ODEDIT/CELEBAHQ/fid/good_ones/2024-05-22_19-58/voronoi_noise/11087/ode/non_clipped/200_0.0001_0.png,200_0.0001_0.png,2024-05-22_19-58,16.48845672607422,0.16221675276756287
7,11087,voronoi_noise,ode,clipped,200,0.001,/home/bastien/scitas/bastien/results_CODE/results/ODEDIT/CELEBAHQ/fid/good_ones/2024-05-22_19-58/voronoi_noise/11087/ode/non_clipped/200_0.001_0.png,200_0.001_0.png,2024-05-22_19-58,15.741704940795898,0.19892588257789612
8,12798,voronoi_noise,ode,clipped,200,0.0001,/home/bastien/scitas/bastien/results_CODE/results/ODEDIT/CELEBAHQ/fid/good_ones/2024-05-22_19-58/voronoi_noise/12798/ode/non_clipped/200_0.0001_0.png,200_0.0001_0.png,2024-05-22_19-58,15.623183250427246,0.24183985590934753
9,12798,voronoi_noise,ode,clipped,200,0.001,/home/bastien/scitas/bastien/results_CODE/results/ODEDIT/CELEBAHQ/fid/good_ones/2024-05-22_19-58/voronoi_noise/12798/ode/non_clipped/200_0.001_0.png,200_0.001_0.png,2024-05-22_19-58,14.843732833862305,0.26100051403045654
10,13685,voronoi_noise,ode,clipped,200,0.0001,/home/bastien/scitas/bastien/results_CODE/results/ODEDIT/CELEBAHQ/fid/good_ones/2024-05-22_19-58/voronoi_noise/13685/ode/non_clipped/200_0.0001_0.png,200_0.0001_0.png,2024-05-22_19-58,16.71092414855957,0.23190899193286896
11,13685,voronoi_noise,ode,clipped,200,0.001,/home/bastien/scitas/bastien/results_CODE/results/ODEDIT/CELEBAHQ/fid/good_ones/2024-05-22_19-58/voronoi_noise/13685/ode/non_clipped/200_0.001_0.png,200_0.001_0.png,2024-05-22_19-58,15.960575103759766,0.22219261527061462
12,13891,voronoi_noise,ode,clipped,200,0.0001,/home/bastien/scitas/bastien/results_CODE/results/ODEDIT/CELEBAHQ/fid/good_ones/2024-05-22_19-58/voronoi_noise/13891/ode/non_clipped/200_0.000316228_0.png,200_0.000316228_0.png,2024-05-22_19-58,16.867258071899414,0.2232658565044403
13,13891,voronoi_noise,ode,clipped,200,0.001,/home/bastien/scitas/bastien/results_CODE/results/ODEDIT/CELEBAHQ/fid/good_ones/2024-05-22_19-58/voronoi_noise/13891/ode/non_clipped/200_0.001_0.png,200_0.001_0.png,2024-05-22_19-58,16.683168411254883,0.2530837059020996
14,13940,voronoi_noise,ode,clipped,200,0.0001,/home/bastien/scitas/bastien/results_CODE/results/ODEDIT/CELEBAHQ/fid/good_ones/2024-05-22_19-58/voronoi_noise/13940/ode/non_clipped/200_0.0001_0.png,200_0.0001_0.png,2024-05-22_19-58,15.181534767150879,0.316206157207489
15,13940,voronoi_noise,ode,clipped,200,0.001,/home/bastien/scitas/bastien/results_CODE/results/ODEDIT/CELEBAHQ/fid/good_ones/2024-05-22_19-58/voronoi_noise/13940/ode/non_clipped/200_0.001_0.png,200_0.001_0.png,2024-05-22_19-58,15.059121131896973,0.38096076250076294
16,14568,voronoi_noise,ode,clipped,200,0.0001,/home/bastien/scitas/bastien/results_CODE/results/ODEDIT/CELEBAHQ/fid/good_ones/2024-05-22_19-58/voronoi_noise/14568/ode/non_clipped/200_0.0001_0.png,200_0.0001_0.png,2024-05-22_19-58,19.150815963745117,0.20993353426456451
17,14568,voronoi_noise,ode,clipped,200,0.001,/home/bastien/scitas/bastien/results_CODE/results/ODEDIT/CELEBAHQ/fid/good_ones/2024-05-22_19-58/voronoi_noise/14568/ode/non_clipped/200_0.001_0.png,200_0.001_0.png,2024-05-22_19-58,18.402694702148438,0.22641286253929138
18,1669,voronoi_noise,ode,clipped,200,0.0001,/home/bastien/scitas/bastien/results_CODE/results/ODEDIT/CELEBAHQ/fid/good_ones/2024-05-22_19-58/voronoi_noise/1669/ode/non_clipped/200_0.0001_0.png,200_0.0001_0.png,2024-05-22_19-58,18.37554168701172,0.33758220076560974
19,1669,voronoi_noise,ode,clipped,200,0.001,/home/bastien/scitas/bastien/results_CODE/results/ODEDIT/CELEBAHQ/fid/good_ones/2024-05-22_19-58/voronoi_noise/1669/ode/non_clipped/200_0.001_0.png,200_0.001_0.png,2024-05-22_19-58,17.75231170654297,0.3528255820274353
20,17461,voronoi_noise,ode,clipped,200,0.0001,/home/bastien/scitas/bastien/results_CODE/results/ODEDIT/CELEBAHQ/fid/good_ones/2024-05-22_19-58/voronoi_noise/17461/ode/non_clipped/200_0.000316228_0.png,200_0.000316228_0.png,2024-05-22_19-58,16.55548858642578,0.22835607826709747
21,17461,voronoi_noise,ode,clipped,200,0.001,/home/bastien/scitas/bastien/results_CODE/results/ODEDIT/CELEBAHQ/fid/good_ones/2024-05-22_19-58/voronoi_noise/17461/ode/non_clipped/200_0.001_0.png,200_0.001_0.png,2024-05-22_19-58,15.982644081115723,0.2583853304386139
22,18191,voronoi_noise,ode,clipped,200,0.0001,/home/bastien/scitas/bastien/results_CODE/results/ODEDIT/CELEBAHQ/fid/good_ones/2024-05-22_19-58/voronoi_noise/18191/ode/non_clipped/200_0.0001_0.png,200_0.0001_0.png,2024-05-22_19-58,19.039152145385742,0.16111570596694946
23,18191,voronoi_noise,ode,clipped,200,0.001,/home/bastien/scitas/bastien/results_CODE/results/ODEDIT/CELEBAHQ/fid/good_ones/2024-05-22_19-58/voronoi_noise/18191/ode/non_clipped/200_0.001_0.png,200_0.001_0.png,2024-05-22_19-58,18.327970504760742,0.1993548572063446
24,18283,voronoi_noise,ode,clipped,200,0.0001,/home/bastien/scitas/bastien/results_CODE/results/ODEDIT/CELEBAHQ/fid/good_ones/2024-05-22_19-58/voronoi_noise/18283/ode/non_clipped/200_0.0001_0.png,200_0.0001_0.png,2024-05-22_19-58,18.05017852783203,0.1474117636680603
25,18283,voronoi_noise,ode,clipped,200,0.001,/home/bastien/scitas/bastien/results_CODE/results/ODEDIT/CELEBAHQ/fid/good_ones/2024-05-22_19-58/voronoi_noise/18283/ode/non_clipped/200_0.001_0.png,200_0.001_0.png,2024-05-22_19-58,17.661069869995117,0.1723422408103943
26,18578,voronoi_noise,ode,clipped,200,0.0001,/home/bastien/scitas/bastien/results_CODE/results/ODEDIT/CELEBAHQ/fid/good_ones/2024-05-22_19-58/voronoi_noise/18578/ode/non_clipped/200_0.0001_0.png,200_0.0001_0.png,2024-05-22_19-58,16.626609802246094,0.2520787715911865
27,18578,voronoi_noise,ode,clipped,200,0.001,/home/bastien/scitas/bastien/results_CODE/results/ODEDIT/CELEBAHQ/fid/good_ones/2024-05-22_19-58/voronoi_noise/18578/ode/non_clipped/200_0.001_0.png,200_0.001_0.png,2024-05-22_19-58,16.21187973022461,0.3058358430862427
28,19849,voronoi_noise,ode,clipped,200,0.0001,/home/bastien/scitas/bastien/results_CODE/results/ODEDIT/CELEBAHQ/fid/good_ones/2024-05-22_19-58/voronoi_noise/19849/ode/non_clipped/200_0.0001_0.png,200_0.0001_0.png,2024-05-22_19-58,14.842178344726562,0.16759762167930603
29,19849,voronoi_noise,ode,clipped,200,0.001,/home/bastien/scitas/bastien/results_CODE/results/ODEDIT/CELEBAHQ/fid/good_ones/2024-05-22_19-58/voronoi_noise/19849/ode/non_clipped/200_0.001_0.png,200_0.001_0.png,2024-05-22_19-58,13.77380084991455,0.31434303522109985
30,21118,voronoi_noise,ode,clipped,200,0.0001,/home/bastien/scitas/bastien/results_CODE/results/ODEDIT/CELEBAHQ/fid/good_ones/2024-05-22_19-58/voronoi_noise/21118/ode/non_clipped/200_0.0001_0.png,200_0.0001_0.png,2024-05-22_19-58,15.430904388427734,0.23199345171451569
31,21118,voronoi_noise,ode,clipped,200,0.001,/home/bastien/scitas/bastien/results_CODE/results/ODEDIT/CELEBAHQ/fid/good_ones/2024-05-22_19-58/voronoi_noise/21118/ode/non_clipped/200_0.001_0.png,200_0.001_0.png,2024-05-22_19-58,14.622056007385254,0.3698734939098358
32,23811,voronoi_noise,ode,clipped,200,0.0001,/home/bastien/scitas/bastien/results_CODE/results/ODEDIT/CELEBAHQ/fid/good_ones/2024-05-22_19-58/voronoi_noise/23811/ode/non_clipped/200_0.0001_0.png,200_0.0001_0.png,2024-05-22_19-58,15.916831970214844,0.14588677883148193
33,23811,voronoi_noise,ode,clipped,200,0.001,/home/bastien/scitas/bastien/results_CODE/results/ODEDIT/CELEBAHQ/fid/good_ones/2024-05-22_19-58/voronoi_noise/23811/ode/non_clipped/200_0.001_0.png,200_0.001_0.png,2024-05-22_19-58,15.516115188598633,0.2260047197341919
34,24152,voronoi_noise,ode,clipped,200,0.0001,/home/bastien/scitas/bastien/results_CODE/results/ODEDIT/CELEBAHQ/fid/good_ones/2024-05-22_19-58/voronoi_noise/24152/ode/non_clipped/200_0.0001_0.png,200_0.0001_0.png,2024-05-22_19-58,17.31926918029785,0.3017350137233734
35,24152,voronoi_noise,ode,clipped,200,0.001,/home/bastien/scitas/bastien/results_CODE/results/ODEDIT/CELEBAHQ/fid/good_ones/2024-05-22_19-58/voronoi_noise/24152/ode/non_clipped/200_0.001_0.png,200_0.001_0.png,2024-05-22_19-58,16.961166381835938,0.31153127551078796
36,24678,voronoi_noise,ode,clipped,200,0.0001,/home/bastien/scitas/bastien/results_CODE/results/ODEDIT/CELEBAHQ/fid/good_ones/2024-05-22_19-58/voronoi_noise/24678/ode/non_clipped/200_0.0001_0.png,200_0.0001_0.png,2024-05-22_19-58,15.591591835021973,0.1938454806804657
37,24678,voronoi_noise,ode,clipped,200,0.001,/home/bastien/scitas/bastien/results_CODE/results/ODEDIT/CELEBAHQ/fid/good_ones/2024-05-22_19-58/voronoi_noise/24678/ode/non_clipped/200_0.001_0.png,200_0.001_0.png,2024-05-22_19-58,15.381784439086914,0.19220678508281708
38,25276,voronoi_noise,ode,clipped,200,0.0001,/home/bastien/scitas/bastien/results_CODE/results/ODEDIT/CELEBAHQ/fid/good_ones/2024-05-22_19-58/voronoi_noise/25276/ode/non_clipped/200_0.0001_0.png,200_0.0001_0.png,2024-05-22_19-58,16.783905029296875,0.2582263648509979
39,25276,voronoi_noise,ode,clipped,200,0.001,/home/bastien/scitas/bastien/results_CODE/results/ODEDIT/CELEBAHQ/fid/good_ones/2024-05-22_19-58/voronoi_noise/25276/ode/non_clipped/200_0.001_0.png,200_0.001_0.png,2024-05-22_19-58,15.784199714660645,0.24698090553283691
40,27052,voronoi_noise,ode,clipped,200,0.0001,/home/bastien/scitas/bastien/results_CODE/results/ODEDIT/CELEBAHQ/fid/good_ones/2024-05-22_19-58/voronoi_noise/27052/ode/non_clipped/200_0.0001_0.png,200_0.0001_0.png,2024-05-22_19-58,17.19182777404785,0.2315097451210022
41,27052,voronoi_noise,ode,clipped,200,0.001,/home/bastien/scitas/bastien/results_CODE/results/ODEDIT/CELEBAHQ/fid/good_ones/2024-05-22_19-58/voronoi_noise/27052/ode/non_clipped/200_0.001_0.png,200_0.001_0.png,2024-05-22_19-58,16.332956314086914,0.27258139848709106
42,28203,voronoi_noise,ode,clipped,200,0.0001,/home/bastien/scitas/bastien/results_CODE/results/ODEDIT/CELEBAHQ/fid/good_ones/2024-05-22_19-58/voronoi_noise/28203/ode/non_clipped/200_0.0001_0.png,200_0.0001_0.png,2024-05-22_19-58,16.13898468017578,0.192177414894104
43,28203,voronoi_noise,ode,clipped,200,0.001,/home/bastien/scitas/bastien/results_CODE/results/ODEDIT/CELEBAHQ/fid/good_ones/2024-05-22_19-58/voronoi_noise/28203/ode/non_clipped/200_0.001_0.png,200_0.001_0.png,2024-05-22_19-58,15.520968437194824,0.24326583743095398
44,28465,voronoi_noise,ode,clipped,200,0.0001,/home/bastien/scitas/bastien/results_CODE/results/ODEDIT/CELEBAHQ/fid/good_ones/2024-05-22_19-58/voronoi_noise/28465/ode/non_clipped/200_0.0001_0.png,200_0.0001_0.png,2024-05-22_19-58,15.295184135437012,0.1804848313331604
45,28465,voronoi_noise,ode,clipped,200,0.001,/home/bastien/scitas/bastien/results_CODE/results/ODEDIT/CELEBAHQ/fid/good_ones/2024-05-22_19-58/voronoi_noise/28465/ode/non_clipped/200_0.001_0.png,200_0.001_0.png,2024-05-22_19-58,14.85111141204834,0.255018025636673
46,28500,voronoi_noise,ode,clipped,200,0.0001,/home/bastien/scitas/bastien/results_CODE/results/ODEDIT/CELEBAHQ/fid/good_ones/2024-05-22_19-58/voronoi_noise/28500/ode/non_clipped/200_0.0001_0.png,200_0.0001_0.png,2024-05-22_19-58,16.334470748901367,0.2003793865442276
47,28500,voronoi_noise,ode,clipped,200,0.001,/home/bastien/scitas/bastien/results_CODE/results/ODEDIT/CELEBAHQ/fid/good_ones/2024-05-22_19-58/voronoi_noise/28500/ode/non_clipped/200_0.001_0.png,200_0.001_0.png,2024-05-22_19-58,15.45427417755127,0.25532814860343933
48,3327,voronoi_noise,ode,clipped,200,0.0001,/home/bastien/scitas/bastien/results_CODE/results/ODEDIT/CELEBAHQ/fid/good_ones/2024-05-22_19-58/voronoi_noise/3327/ode/non_clipped/200_0.0001_0.png,200_0.0001_0.png,2024-05-22_19-58,19.00110626220703,0.21776697039604187
49,3327,voronoi_noise,ode,clipped,200,0.001,/home/bastien/scitas/bastien/results_CODE/results/ODEDIT/CELEBAHQ/fid/good_ones/2024-05-22_19-58/voronoi_noise/3327/ode/non_clipped/200_0.001_0.png,200_0.001_0.png,2024-05-22_19-58,19.05348014831543,0.24190965294837952
50,4581,voronoi_noise,ode,clipped,200,0.0001,/home/bastien/scitas/bastien/results_CODE/results/ODEDIT/CELEBAHQ/fid/good_ones/2024-05-22_19-58/voronoi_noise/4581/ode/non_clipped/200_0.0001_0.png,200_0.0001_0.png,2024-05-22_19-58,16.316802978515625,0.3287736773490906
51,4581,voronoi_noise,ode,clipped,200,0.001,/home/bastien/scitas/bastien/results_CODE/results/ODEDIT/CELEBAHQ/fid/good_ones/2024-05-22_19-58/voronoi_noise/4581/ode/non_clipped/200_0.001_0.png,200_0.001_0.png,2024-05-22_19-58,16.2054443359375,0.3196128010749817
52,491,voronoi_noise,ode,clipped,200,0.0001,/home/bastien/scitas/bastien/results_CODE/results/ODEDIT/CELEBAHQ/fid/good_ones/2024-05-22_19-58/voronoi_noise/491/ode/non_clipped/200_0.0001_0.png,200_0.0001_0.png,2024-05-22_19-58,17.56062126159668,0.2654496729373932
53,491,voronoi_noise,ode,clipped,200,0.001,/home/bastien/scitas/bastien/results_CODE/results/ODEDIT/CELEBAHQ/fid/good_ones/2024-05-22_19-58/voronoi_noise/491/ode/non_clipped/200_0.001_0.png,200_0.001_0.png,2024-05-22_19-58,17.68191146850586,0.3643724322319031
54,5325,voronoi_noise,ode,clipped,200,0.0001,/home/bastien/scitas/bastien/results_CODE/results/ODEDIT/CELEBAHQ/fid/good_ones/2024-05-22_19-58/voronoi_noise/5325/ode/non_clipped/200_0.0001_0.png,200_0.0001_0.png,2024-05-22_19-58,18.45929718017578,0.2527899444103241
55,5325,voronoi_noise,ode,clipped,200,0.001,/home/bastien/scitas/bastien/results_CODE/results/ODEDIT/CELEBAHQ/fid/good_ones/2024-05-22_19-58/voronoi_noise/5325/ode/non_clipped/200_0.001_0.png,200_0.001_0.png,2024-05-22_19-58,17.704328536987305,0.2950604259967804
56,5365,voronoi_noise,ode,clipped,200,0.0001,/home/bastien/scitas/bastien/results_CODE/results/ODEDIT/CELEBAHQ/fid/good_ones/2024-05-22_19-58/voronoi_noise/5365/ode/non_clipped/200_0.000316228_0.png,200_0.000316228_0.png,2024-05-22_19-58,19.41960334777832,0.24715135991573334
57,5365,voronoi_noise,ode,clipped,200,0.001,/home/bastien/scitas/bastien/results_CODE/results/ODEDIT/CELEBAHQ/fid/good_ones/2024-05-22_19-58/voronoi_noise/5365/ode/non_clipped/200_0.001_0.png,200_0.001_0.png,2024-05-22_19-58,18.87742805480957,0.23237916827201843
58,8404,voronoi_noise,ode,clipped,200,0.0001,/home/bastien/scitas/bastien/results_CODE/results/ODEDIT/CELEBAHQ/fid/good_ones/2024-05-22_19-58/voronoi_noise/8404/ode/non_clipped/200_0.000316228_0.png,200_0.000316228_0.png,2024-05-22_19-58,15.545022010803223,0.18589286506175995
59,8404,voronoi_noise,ode,clipped,200,0.001,/home/bastien/scitas/bastien/results_CODE/results/ODEDIT/CELEBAHQ/fid/good_ones/2024-05-22_19-58/voronoi_noise/8404/ode/non_clipped/200_0.001_0.png,200_0.001_0.png,2024-05-22_19-58,15.729663848876953,0.18262654542922974
60,8991,voronoi_noise,ode,clipped,200,0.0001,/home/bastien/scitas/bastien/results_CODE/results/ODEDIT/CELEBAHQ/fid/good_ones/2024-05-22_19-58/voronoi_noise/8991/ode/non_clipped/200_0.0001_0.png,200_0.0001_0.png,2024-05-22_19-58,16.47083282470703,0.16225171089172363
61,8991,voronoi_noise,ode,clipped,200,0.001,/home/bastien/scitas/bastien/results_CODE/results/ODEDIT/CELEBAHQ/fid/good_ones/2024-05-22_19-58/voronoi_noise/8991/ode/non_clipped/200_0.001_0.png,200_0.001_0.png,2024-05-22_19-58,15.666749954223633,0.18103346228599548
62,9074,voronoi_noise,ode,clipped,200,0.0001,/home/bastien/scitas/bastien/results_CODE/results/ODEDIT/CELEBAHQ/fid/good_ones/2024-05-22_19-58/voronoi_noise/9074/ode/non_clipped/200_0.0001_0.png,200_0.0001_0.png,2024-05-22_19-58,18.983150482177734,0.29839181900024414
63,9074,voronoi_noise,ode,clipped,200,0.001,/home/bastien/scitas/bastien/results_CODE/results/ODEDIT/CELEBAHQ/fid/good_ones/2024-05-22_19-58/voronoi_noise/9074/ode/non_clipped/200_0.001_0.png,200_0.001_0.png,2024-05-22_19-58,18.561899185180664,0.27840569615364075
64,9356,voronoi_noise,ode,clipped,200,0.0001,/home/bastien/scitas/bastien/results_CODE/results/ODEDIT/CELEBAHQ/fid/good_ones/2024-05-22_19-58/voronoi_noise/9356/ode/non_clipped/200_0.0001_0.png,200_0.0001_0.png,2024-05-22_19-58,16.847679138183594,0.22815090417861938
65,9356,voronoi_noise,ode,clipped,200,0.001,/home/bastien/scitas/bastien/results_CODE/results/ODEDIT/CELEBAHQ/fid/good_ones/2024-05-22_19-58/voronoi_noise/9356/ode/non_clipped/200_0.001_0.png,200_0.001_0.png,2024-05-22_19-58,16.5566463470459,0.299103319644928
0,8991,voronoi_noise,none,none,none,,/home/bastien/scitas/bastien/results_CODE/results/ODEDIT/CELEBAHQ/fid/good_ones/2024-05-22_19-58/voronoi_noise/8991/original.png,original.png,2024-05-22_19-58,inf,0.0
1,8991,voronoi_noise,none,none,none,,/home/bastien/scitas/bastien/results_CODE/results/ODEDIT/CELEBAHQ/fid/good_ones/2024-05-22_19-58/voronoi_noise/8991/corrupted.png,corrupted.png,2024-05-22_19-58,16.530664443969727,0.23205368220806122
2,8991,voronoi_noise,reconstruction,clipped,none,,/home/bastien/scitas/bastien/results_CODE/results/ODEDIT/CELEBAHQ/fid/good_ones/2024-05-22_19-58/voronoi_noise/8991/reconstruction/clipped/reconstruction_ddim.png,reconstruction_ddim.png,2024-05-22_19-58,16.281116485595703,0.2697495222091675
6,13940,voronoi_noise,none,none,none,,/home/bastien/scitas/bastien/results_CODE/results/ODEDIT/CELEBAHQ/fid/good_ones/2024-05-22_19-58/voronoi_noise/13940/original.png,original.png,2024-05-22_19-58,inf,0.0
7,13940,voronoi_noise,none,none,none,,/home/bastien/scitas/bastien/results_CODE/results/ODEDIT/CELEBAHQ/fid/good_ones/2024-05-22_19-58/voronoi_noise/13940/corrupted.png,corrupted.png,2024-05-22_19-58,15.68919563293457,0.12773701548576355
8,13940,voronoi_noise,reconstruction,clipped,none,,/home/bastien/scitas/bastien/results_CODE/results/ODEDIT/CELEBAHQ/fid/good_ones/2024-05-22_19-58/voronoi_noise/13940/reconstruction/clipped/reconstruction_ddim.png,reconstruction_ddim.png,2024-05-22_19-58,15.268132209777832,0.35173118114471436
12,14568,voronoi_noise,none,none,none,,/home/bastien/scitas/bastien/results_CODE/results/ODEDIT/CELEBAHQ/fid/good_ones/2024-05-22_19-58/voronoi_noise/14568/original.png,original.png,2024-05-22_19-58,inf,0.0
13,14568,voronoi_noise,none,none,none,,/home/bastien/scitas/bastien/results_CODE/results/ODEDIT/CELEBAHQ/fid/good_ones/2024-05-22_19-58/voronoi_noise/14568/corrupted.png,corrupted.png,2024-05-22_19-58,18.90819549560547,0.1592714488506317
14,14568,voronoi_noise,reconstruction,clipped,none,,/home/bastien/scitas/bastien/results_CODE/results/ODEDIT/CELEBAHQ/fid/good_ones/2024-05-22_19-58/voronoi_noise/14568/reconstruction/clipped/reconstruction_ddim.png,reconstruction_ddim.png,2024-05-22_19-58,18.296676635742188,0.27909183502197266
18,8404,voronoi_noise,none,none,none,,/home/bastien/scitas/bastien/results_CODE/results/ODEDIT/CELEBAHQ/fid/good_ones/2024-05-22_19-58/voronoi_noise/8404/original.png,original.png,2024-05-22_19-58,inf,0.0
19,8404,voronoi_noise,none,none,none,,/home/bastien/scitas/bastien/results_CODE/results/ODEDIT/CELEBAHQ/fid/good_ones/2024-05-22_19-58/voronoi_noise/8404/corrupted.png,corrupted.png,2024-05-22_19-58,15.850908279418945,0.2738543748855591
20,8404,voronoi_noise,reconstruction,clipped,none,,/home/bastien/scitas/bastien/results_CODE/results/ODEDIT/CELEBAHQ/fid/good_ones/2024-05-22_19-58/voronoi_noise/8404/reconstruction/clipped/reconstruction_ddim.png,reconstruction_ddim.png,2024-05-22_19-58,15.700996398925781,0.27389034628868103
24,18283,voronoi_noise,none,none,none,,/home/bastien/scitas/bastien/results_CODE/results/ODEDIT/CELEBAHQ/fid/good_ones/2024-05-22_19-58/voronoi_noise/18283/original.png,original.png,2024-05-22_19-58,inf,0.0
25,18283,voronoi_noise,none,none,none,,/home/bastien/scitas/bastien/results_CODE/results/ODEDIT/CELEBAHQ/fid/good_ones/2024-05-22_19-58/voronoi_noise/18283/corrupted.png,corrupted.png,2024-05-22_19-58,18.10683822631836,0.07475809752941132
26,18283,voronoi_noise,reconstruction,clipped,none,,/home/bastien/scitas/bastien/results_CODE/results/ODEDIT/CELEBAHQ/fid/good_ones/2024-05-22_19-58/voronoi_noise/18283/reconstruction/clipped/reconstruction_ddim.png,reconstruction_ddim.png,2024-05-22_19-58,17.74677848815918,0.15976879000663757
30,18578,voronoi_noise,none,none,none,,/home/bastien/scitas/bastien/results_CODE/results/ODEDIT/CELEBAHQ/fid/good_ones/2024-05-22_19-58/voronoi_noise/18578/original.png,original.png,2024-05-22_19-58,inf,0.0
31,18578,voronoi_noise,none,none,none,,/home/bastien/scitas/bastien/results_CODE/results/ODEDIT/CELEBAHQ/fid/good_ones/2024-05-22_19-58/voronoi_noise/18578/corrupted.png,corrupted.png,2024-05-22_19-58,17.138381958007812,0.15597110986709595
32,18578,voronoi_noise,reconstruction,clipped,none,,/home/bastien/scitas/bastien/results_CODE/results/ODEDIT/CELEBAHQ/fid/good_ones/2024-05-22_19-58/voronoi_noise/18578/reconstruction/clipped/reconstruction_ddim.png,reconstruction_ddim.png,2024-05-22_19-58,17.023765563964844,0.2527022957801819
36,24152,voronoi_noise,none,none,none,,/home/bastien/scitas/bastien/results_CODE/results/ODEDIT/CELEBAHQ/fid/good_ones/2024-05-22_19-58/voronoi_noise/24152/original.png,original.png,2024-05-22_19-58,inf,0.0
37,24152,voronoi_noise,none,none,none,,/home/bastien/scitas/bastien/results_CODE/results/ODEDIT/CELEBAHQ/fid/good_ones/2024-05-22_19-58/voronoi_noise/24152/corrupted.png,corrupted.png,2024-05-22_19-58,17.685108184814453,0.18744057416915894
38,24152,voronoi_noise,reconstruction,clipped,none,,/home/bastien/scitas/bastien/results_CODE/results/ODEDIT/CELEBAHQ/fid/good_ones/2024-05-22_19-58/voronoi_noise/24152/reconstruction/clipped/reconstruction_ddim.png,reconstruction_ddim.png,2024-05-22_19-58,18.999462127685547,0.1370726078748703
42,9074,voronoi_noise,none,none,none,,/home/bastien/scitas/bastien/results_CODE/results/ODEDIT/CELEBAHQ/fid/good_ones/2024-05-22_19-58/voronoi_noise/9074/original.png,original.png,2024-05-22_19-58,inf,0.0
43,9074,voronoi_noise,none,none,none,,/home/bastien/scitas/bastien/results_CODE/results/ODEDIT/CELEBAHQ/fid/good_ones/2024-05-22_19-58/voronoi_noise/9074/corrupted.png,corrupted.png,2024-05-22_19-58,18.98194694519043,0.22542934119701385
44,9074,voronoi_noise,reconstruction,clipped,none,,/home/bastien/scitas/bastien/results_CODE/results/ODEDIT/CELEBAHQ/fid/good_ones/2024-05-22_19-58/voronoi_noise/9074/reconstruction/clipped/reconstruction_ddim.png,reconstruction_ddim.png,2024-05-22_19-58,18.68092918395996,0.3856070935726166
48,19849,voronoi_noise,none,none,none,,/home/bastien/scitas/bastien/results_CODE/results/ODEDIT/CELEBAHQ/fid/good_ones/2024-05-22_19-58/voronoi_noise/19849/original.png,original.png,2024-05-22_19-58,inf,0.0
49,19849,voronoi_noise,none,none,none,,/home/bastien/scitas/bastien/results_CODE/results/ODEDIT/CELEBAHQ/fid/good_ones/2024-05-22_19-58/voronoi_noise/19849/corrupted.png,corrupted.png,2024-05-22_19-58,15.278804779052734,0.08241939544677734
50,19849,voronoi_noise,reconstruction,clipped,none,,/home/bastien/scitas/bastien/results_CODE/results/ODEDIT/CELEBAHQ/fid/good_ones/2024-05-22_19-58/voronoi_noise/19849/reconstruction/clipped/reconstruction_ddim.png,reconstruction_ddim.png,2024-05-22_19-58,14.601881980895996,0.198506698012352
54,24678,voronoi_noise,none,none,none,,/home/bastien/scitas/bastien/results_CODE/results/ODEDIT/CELEBAHQ/fid/good_ones/2024-05-22_19-58/voronoi_noise/24678/original.png,original.png,2024-05-22_19-58,inf,0.0
55,24678,voronoi_noise,none,none,none,,/home/bastien/scitas/bastien/results_CODE/results/ODEDIT/CELEBAHQ/fid/good_ones/2024-05-22_19-58/voronoi_noise/24678/corrupted.png,corrupted.png,2024-05-22_19-58,15.809372901916504,0.1677710860967636
56,24678,voronoi_noise,reconstruction,clipped,none,,/home/bastien/scitas/bastien/results_CODE/results/ODEDIT/CELEBAHQ/fid/good_ones/2024-05-22_19-58/voronoi_noise/24678/reconstruction/clipped/reconstruction_ddim.png,reconstruction_ddim.png,2024-05-22_19-58,15.571288108825684,0.21231579780578613
60,11087,voronoi_noise,none,none,none,,/home/bastien/scitas/bastien/results_CODE/results/ODEDIT/CELEBAHQ/fid/good_ones/2024-05-22_19-58/voronoi_noise/11087/original.png,original.png,2024-05-22_19-58,inf,0.0
61,11087,voronoi_noise,none,none,none,,/home/bastien/scitas/bastien/results_CODE/results/ODEDIT/CELEBAHQ/fid/good_ones/2024-05-22_19-58/voronoi_noise/11087/corrupted.png,corrupted.png,2024-05-22_19-58,16.837995529174805,0.10558916628360748
62,11087,voronoi_noise,reconstruction,clipped,none,,/home/bastien/scitas/bastien/results_CODE/results/ODEDIT/CELEBAHQ/fid/good_ones/2024-05-22_19-58/voronoi_noise/11087/reconstruction/clipped/reconstruction_ddim.png,reconstruction_ddim.png,2024-05-22_19-58,16.610898971557617,0.1729467511177063
66,18191,voronoi_noise,none,none,none,,/home/bastien/scitas/bastien/results_CODE/results/ODEDIT/CELEBAHQ/fid/good_ones/2024-05-22_19-58/voronoi_noise/18191/original.png,original.png,2024-05-22_19-58,inf,0.0
67,18191,voronoi_noise,none,none,none,,/home/bastien/scitas/bastien/results_CODE/results/ODEDIT/CELEBAHQ/fid/good_ones/2024-05-22_19-58/voronoi_noise/18191/corrupted.png,corrupted.png,2024-05-22_19-58,19.322900772094727,0.11426181346178055
68,18191,voronoi_noise,reconstruction,clipped,none,,/home/bastien/scitas/bastien/results_CODE/results/ODEDIT/CELEBAHQ/fid/good_ones/2024-05-22_19-58/voronoi_noise/18191/reconstruction/clipped/reconstruction_ddim.png,reconstruction_ddim.png,2024-05-22_19-58,18.590055465698242,0.2758115231990814
72,27052,voronoi_noise,none,none,none,,/home/bastien/scitas/bastien/results_CODE/results/ODEDIT/CELEBAHQ/fid/good_ones/2024-05-22_19-58/voronoi_noise/27052/original.png,original.png,2024-05-22_19-58,inf,0.0
73,27052,voronoi_noise,none,none,none,,/home/bastien/scitas/bastien/results_CODE/results/ODEDIT/CELEBAHQ/fid/good_ones/2024-05-22_19-58/voronoi_noise/27052/corrupted.png,corrupted.png,2024-05-22_19-58,17.163476943969727,0.179841086268425
74,27052,voronoi_noise,reconstruction,clipped,none,,/home/bastien/scitas/bastien/results_CODE/results/ODEDIT/CELEBAHQ/fid/good_ones/2024-05-22_19-58/voronoi_noise/27052/reconstruction/clipped/reconstruction_ddim.png,reconstruction_ddim.png,2024-05-22_19-58,17.109378814697266,0.2368822544813156
78,21118,voronoi_noise,none,none,none,,/home/bastien/scitas/bastien/results_CODE/results/ODEDIT/CELEBAHQ/fid/good_ones/2024-05-22_19-58/voronoi_noise/21118/original.png,original.png,2024-05-22_19-58,inf,0.0
79,21118,voronoi_noise,none,none,none,,/home/bastien/scitas/bastien/results_CODE/results/ODEDIT/CELEBAHQ/fid/good_ones/2024-05-22_19-58/voronoi_noise/21118/corrupted.png,corrupted.png,2024-05-22_19-58,16.45888328552246,0.10416136682033539
80,21118,voronoi_noise,reconstruction,clipped,none,,/home/bastien/scitas/bastien/results_CODE/results/ODEDIT/CELEBAHQ/fid/good_ones/2024-05-22_19-58/voronoi_noise/21118/reconstruction/clipped/reconstruction_ddim.png,reconstruction_ddim.png,2024-05-22_19-58,15.918167114257812,0.21398122608661652
84,17461,voronoi_noise,none,none,none,,/home/bastien/scitas/bastien/results_CODE/results/ODEDIT/CELEBAHQ/fid/good_ones/2024-05-22_19-58/voronoi_noise/17461/original.png,original.png,2024-05-22_19-58,inf,0.0
85,17461,voronoi_noise,none,none,none,,/home/bastien/scitas/bastien/results_CODE/results/ODEDIT/CELEBAHQ/fid/good_ones/2024-05-22_19-58/voronoi_noise/17461/corrupted.png,corrupted.png,2024-05-22_19-58,17.11783218383789,0.18891668319702148
86,17461,voronoi_noise,reconstruction,clipped,none,,/home/bastien/scitas/bastien/results_CODE/results/ODEDIT/CELEBAHQ/fid/good_ones/2024-05-22_19-58/voronoi_noise/17461/reconstruction/clipped/reconstruction_ddim.png,reconstruction_ddim.png,2024-05-22_19-58,16.5694522857666,0.23646467924118042
90,4581,voronoi_noise,none,none,none,,/home/bastien/scitas/bastien/results_CODE/results/ODEDIT/CELEBAHQ/fid/good_ones/2024-05-22_19-58/voronoi_noise/4581/original.png,original.png,2024-05-22_19-58,inf,0.0
91,4581,voronoi_noise,none,none,none,,/home/bastien/scitas/bastien/results_CODE/results/ODEDIT/CELEBAHQ/fid/good_ones/2024-05-22_19-58/voronoi_noise/4581/corrupted.png,corrupted.png,2024-05-22_19-58,16.570398330688477,0.22137172520160675
92,4581,voronoi_noise,reconstruction,clipped,none,,/home/bastien/scitas/bastien/results_CODE/results/ODEDIT/CELEBAHQ/fid/good_ones/2024-05-22_19-58/voronoi_noise/4581/reconstruction/clipped/reconstruction_ddim.png,reconstruction_ddim.png,2024-05-22_19-58,18.00333023071289,0.21620529890060425
96,1669,voronoi_noise,none,none,none,,/home/bastien/scitas/bastien/results_CODE/results/ODEDIT/CELEBAHQ/fid/good_ones/2024-05-22_19-58/voronoi_noise/1669/original.png,original.png,2024-05-22_19-58,inf,0.0
97,1669,voronoi_noise,none,none,none,,/home/bastien/scitas/bastien/results_CODE/results/ODEDIT/CELEBAHQ/fid/good_ones/2024-05-22_19-58/voronoi_noise/1669/corrupted.png,corrupted.png,2024-05-22_19-58,18.787670135498047,0.21180744469165802
98,1669,voronoi_noise,reconstruction,clipped,none,,/home/bastien/scitas/bastien/results_CODE/results/ODEDIT/CELEBAHQ/fid/good_ones/2024-05-22_19-58/voronoi_noise/1669/reconstruction/clipped/reconstruction_ddim.png,reconstruction_ddim.png,2024-05-22_19-58,18.136930465698242,0.3509518504142761
102,23811,voronoi_noise,none,none,none,,/home/bastien/scitas/bastien/results_CODE/results/ODEDIT/CELEBAHQ/fid/good_ones/2024-05-22_19-58/voronoi_noise/23811/original.png,original.png,2024-05-22_19-58,inf,0.0
103,23811,voronoi_noise,none,none,none,,/home/bastien/scitas/bastien/results_CODE/results/ODEDIT/CELEBAHQ/fid/good_ones/2024-05-22_19-58/voronoi_noise/23811/corrupted.png,corrupted.png,2024-05-22_19-58,16.414199829101562,0.049217917025089264
104,23811,voronoi_noise,reconstruction,clipped,none,,/home/bastien/scitas/bastien/results_CODE/results/ODEDIT/CELEBAHQ/fid/good_ones/2024-05-22_19-58/voronoi_noise/23811/reconstruction/clipped/reconstruction_ddim.png,reconstruction_ddim.png,2024-05-22_19-58,15.803878784179688,0.15012472867965698
108,13891,voronoi_noise,none,none,none,,/home/bastien/scitas/bastien/results_CODE/results/ODEDIT/CELEBAHQ/fid/good_ones/2024-05-22_19-58/voronoi_noise/13891/original.png,original.png,2024-05-22_19-58,inf,0.0
109,13891,voronoi_noise,none,none,none,,/home/bastien/scitas/bastien/results_CODE/results/ODEDIT/CELEBAHQ/fid/good_ones/2024-05-22_19-58/voronoi_noise/13891/corrupted.png,corrupted.png,2024-05-22_19-58,16.988130569458008,0.12520384788513184
110,13891,voronoi_noise,reconstruction,clipped,none,,/home/bastien/scitas/bastien/results_CODE/results/ODEDIT/CELEBAHQ/fid/good_ones/2024-05-22_19-58/voronoi_noise/13891/reconstruction/clipped/reconstruction_ddim.png,reconstruction_ddim.png,2024-05-22_19-58,16.609636306762695,0.23192256689071655
114,3327,voronoi_noise,none,none,none,,/home/bastien/scitas/bastien/results_CODE/results/ODEDIT/CELEBAHQ/fid/good_ones/2024-05-22_19-58/voronoi_noise/3327/original.png,original.png,2024-05-22_19-58,inf,0.0
115,3327,voronoi_noise,none,none,none,,/home/bastien/scitas/bastien/results_CODE/results/ODEDIT/CELEBAHQ/fid/good_ones/2024-05-22_19-58/voronoi_noise/3327/corrupted.png,corrupted.png,2024-05-22_19-58,18.868263244628906,0.18228167295455933
116,3327,voronoi_noise,reconstruction,clipped,none,,/home/bastien/scitas/bastien/results_CODE/results/ODEDIT/CELEBAHQ/fid/good_ones/2024-05-22_19-58/voronoi_noise/3327/reconstruction/clipped/reconstruction_ddim.png,reconstruction_ddim.png,2024-05-22_19-58,18.554039001464844,0.3263808786869049
120,28500,voronoi_noise,none,none,none,,/home/bastien/scitas/bastien/results_CODE/results/ODEDIT/CELEBAHQ/fid/good_ones/2024-05-22_19-58/voronoi_noise/28500/original.png,original.png,2024-05-22_19-58,inf,0.0
121,28500,voronoi_noise,none,none,none,,/home/bastien/scitas/bastien/results_CODE/results/ODEDIT/CELEBAHQ/fid/good_ones/2024-05-22_19-58/voronoi_noise/28500/corrupted.png,corrupted.png,2024-05-22_19-58,16.33633804321289,0.22465035319328308
122,28500,voronoi_noise,reconstruction,clipped,none,,/home/bastien/scitas/bastien/results_CODE/results/ODEDIT/CELEBAHQ/fid/good_ones/2024-05-22_19-58/voronoi_noise/28500/reconstruction/clipped/reconstruction_ddim.png,reconstruction_ddim.png,2024-05-22_19-58,16.052261352539062,0.14540988206863403
126,13685,voronoi_noise,none,none,none,,/home/bastien/scitas/bastien/results_CODE/results/ODEDIT/CELEBAHQ/fid/good_ones/2024-05-22_19-58/voronoi_noise/13685/original.png,original.png,2024-05-22_19-58,inf,0.0
127,13685,voronoi_noise,none,none,none,,/home/bastien/scitas/bastien/results_CODE/results/ODEDIT/CELEBAHQ/fid/good_ones/2024-05-22_19-58/voronoi_noise/13685/corrupted.png,corrupted.png,2024-05-22_19-58,16.71236801147461,0.25855016708374023
128,13685,voronoi_noise,reconstruction,clipped,none,,/home/bastien/scitas/bastien/results_CODE/results/ODEDIT/CELEBAHQ/fid/good_ones/2024-05-22_19-58/voronoi_noise/13685/reconstruction/clipped/reconstruction_ddim.png,reconstruction_ddim.png,2024-05-22_19-58,16.398014068603516,0.27360159158706665
132,28203,voronoi_noise,none,none,none,,/home/bastien/scitas/bastien/results_CODE/results/ODEDIT/CELEBAHQ/fid/good_ones/2024-05-22_19-58/voronoi_noise/28203/original.png,original.png,2024-05-22_19-58,inf,0.0
133,28203,voronoi_noise,none,none,none,,/home/bastien/scitas/bastien/results_CODE/results/ODEDIT/CELEBAHQ/fid/good_ones/2024-05-22_19-58/voronoi_noise/28203/corrupted.png,corrupted.png,2024-05-22_19-58,16.35662078857422,0.08220583200454712
134,28203,voronoi_noise,reconstruction,clipped,none,,/home/bastien/scitas/bastien/results_CODE/results/ODEDIT/CELEBAHQ/fid/good_ones/2024-05-22_19-58/voronoi_noise/28203/reconstruction/clipped/reconstruction_ddim.png,reconstruction_ddim.png,2024-05-22_19-58,16.120250701904297,0.17510244250297546
138,10536,voronoi_noise,none,none,none,,/home/bastien/scitas/bastien/results_CODE/results/ODEDIT/CELEBAHQ/fid/good_ones/2024-05-22_19-58/voronoi_noise/10536/original.png,original.png,2024-05-22_19-58,inf,0.0
139,10536,voronoi_noise,none,none,none,,/home/bastien/scitas/bastien/results_CODE/results/ODEDIT/CELEBAHQ/fid/good_ones/2024-05-22_19-58/voronoi_noise/10536/corrupted.png,corrupted.png,2024-05-22_19-58,15.995025634765625,0.1075659841299057
140,10536,voronoi_noise,reconstruction,clipped,none,,/home/bastien/scitas/bastien/results_CODE/results/ODEDIT/CELEBAHQ/fid/good_ones/2024-05-22_19-58/voronoi_noise/10536/reconstruction/clipped/reconstruction_ddim.png,reconstruction_ddim.png,2024-05-22_19-58,15.452991485595703,0.20357266068458557
144,9356,voronoi_noise,none,none,none,,/home/bastien/scitas/bastien/results_CODE/results/ODEDIT/CELEBAHQ/fid/good_ones/2024-05-22_19-58/voronoi_noise/9356/original.png,original.png,2024-05-22_19-58,inf,0.0
145,9356,voronoi_noise,none,none,none,,/home/bastien/scitas/bastien/results_CODE/results/ODEDIT/CELEBAHQ/fid/good_ones/2024-05-22_19-58/voronoi_noise/9356/corrupted.png,corrupted.png,2024-05-22_19-58,16.9168643951416,0.23461240530014038
146,9356,voronoi_noise,reconstruction,clipped,none,,/home/bastien/scitas/bastien/results_CODE/results/ODEDIT/CELEBAHQ/fid/good_ones/2024-05-22_19-58/voronoi_noise/9356/reconstruction/clipped/reconstruction_ddim.png,reconstruction_ddim.png,2024-05-22_19-58,16.662080764770508,0.33373352885246277
150,25276,voronoi_noise,none,none,none,,/home/bastien/scitas/bastien/results_CODE/results/ODEDIT/CELEBAHQ/fid/good_ones/2024-05-22_19-58/voronoi_noise/25276/original.png,original.png,2024-05-22_19-58,inf,0.0
151,25276,voronoi_noise,none,none,none,,/home/bastien/scitas/bastien/results_CODE/results/ODEDIT/CELEBAHQ/fid/good_ones/2024-05-22_19-58/voronoi_noise/25276/corrupted.png,corrupted.png,2024-05-22_19-58,16.950902938842773,0.15531045198440552
152,25276,voronoi_noise,reconstruction,clipped,none,,/home/bastien/scitas/bastien/results_CODE/results/ODEDIT/CELEBAHQ/fid/good_ones/2024-05-22_19-58/voronoi_noise/25276/reconstruction/clipped/reconstruction_ddim.png,reconstruction_ddim.png,2024-05-22_19-58,17.964859008789062,0.20680180191993713
156,28465,voronoi_noise,none,none,none,,/home/bastien/scitas/bastien/results_CODE/results/ODEDIT/CELEBAHQ/fid/good_ones/2024-05-22_19-58/voronoi_noise/28465/original.png,original.png,2024-05-22_19-58,inf,0.0
157,28465,voronoi_noise,none,none,none,,/home/bastien/scitas/bastien/results_CODE/results/ODEDIT/CELEBAHQ/fid/good_ones/2024-05-22_19-58/voronoi_noise/28465/corrupted.png,corrupted.png,2024-05-22_19-58,15.6366548538208,0.09428603202104568
158,28465,voronoi_noise,reconstruction,clipped,none,,/home/bastien/scitas/bastien/results_CODE/results/ODEDIT/CELEBAHQ/fid/good_ones/2024-05-22_19-58/voronoi_noise/28465/reconstruction/clipped/reconstruction_ddim.png,reconstruction_ddim.png,2024-05-22_19-58,15.476017951965332,0.2192477285861969
162,5365,voronoi_noise,none,none,none,,/home/bastien/scitas/bastien/results_CODE/results/ODEDIT/CELEBAHQ/fid/good_ones/2024-05-22_19-58/voronoi_noise/5365/original.png,original.png,2024-05-22_19-58,inf,0.0
163,5365,voronoi_noise,none,none,none,,/home/bastien/scitas/bastien/results_CODE/results/ODEDIT/CELEBAHQ/fid/good_ones/2024-05-22_19-58/voronoi_noise/5365/corrupted.png,corrupted.png,2024-05-22_19-58,19.464826583862305,0.13476520776748657
164,5365,voronoi_noise,reconstruction,clipped,none,,/home/bastien/scitas/bastien/results_CODE/results/ODEDIT/CELEBAHQ/fid/good_ones/2024-05-22_19-58/voronoi_noise/5365/reconstruction/clipped/reconstruction_ddim.png,reconstruction_ddim.png,2024-05-22_19-58,18.93803596496582,0.29470521211624146
168,10567,voronoi_noise,none,none,none,,/home/bastien/scitas/bastien/results_CODE/results/ODEDIT/CELEBAHQ/fid/good_ones/2024-05-22_19-58/voronoi_noise/10567/original.png,original.png,2024-05-22_19-58,inf,0.0
169,10567,voronoi_noise,none,none,none,,/home/bastien/scitas/bastien/results_CODE/results/ODEDIT/CELEBAHQ/fid/good_ones/2024-05-22_19-58/voronoi_noise/10567/corrupted.png,corrupted.png,2024-05-22_19-58,17.50551986694336,0.350857675075531
170,10567,voronoi_noise,reconstruction,clipped,none,,/home/bastien/scitas/bastien/results_CODE/results/ODEDIT/CELEBAHQ/fid/good_ones/2024-05-22_19-58/voronoi_noise/10567/reconstruction/clipped/reconstruction_ddim.png,reconstruction_ddim.png,2024-05-22_19-58,18.035686492919922,0.3143143355846405
174,491,voronoi_noise,none,none,none,,/home/bastien/scitas/bastien/results_CODE/results/ODEDIT/CELEBAHQ/fid/good_ones/2024-05-22_19-58/voronoi_noise/491/original.png,original.png,2024-05-22_19-58,inf,0.0
175,491,voronoi_noise,none,none,none,,/home/bastien/scitas/bastien/results_CODE/results/ODEDIT/CELEBAHQ/fid/good_ones/2024-05-22_19-58/voronoi_noise/491/corrupted.png,corrupted.png,2024-05-22_19-58,17.93992805480957,0.17140406370162964
176,491,voronoi_noise,reconstruction,clipped,none,,/home/bastien/scitas/bastien/results_CODE/results/ODEDIT/CELEBAHQ/fid/good_ones/2024-05-22_19-58/voronoi_noise/491/reconstruction/clipped/reconstruction_ddim.png,reconstruction_ddim.png,2024-05-22_19-58,18.35016441345215,0.3357968330383301
180,5325,voronoi_noise,none,none,none,,/home/bastien/scitas/bastien/results_CODE/results/ODEDIT/CELEBAHQ/fid/good_ones/2024-05-22_19-58/voronoi_noise/5325/original.png,original.png,2024-05-22_19-58,inf,0.0
181,5325,voronoi_noise,none,none,none,,/home/bastien/scitas/bastien/results_CODE/results/ODEDIT/CELEBAHQ/fid/good_ones/2024-05-22_19-58/voronoi_noise/5325/corrupted.png,corrupted.png,2024-05-22_19-58,18.596044540405273,0.1526585817337036
182,5325,voronoi_noise,reconstruction,clipped,none,,/home/bastien/scitas/bastien/results_CODE/results/ODEDIT/CELEBAHQ/fid/good_ones/2024-05-22_19-58/voronoi_noise/5325/reconstruction/clipped/reconstruction_ddim.png,reconstruction_ddim.png,2024-05-22_19-58,18.185400009155273,0.289963036775589
186,12798,voronoi_noise,none,none,none,,/home/bastien/scitas/bastien/results_CODE/results/ODEDIT/CELEBAHQ/fid/good_ones/2024-05-22_19-58/voronoi_noise/12798/original.png,original.png,2024-05-22_19-58,inf,0.0
187,12798,voronoi_noise,none,none,none,,/home/bastien/scitas/bastien/results_CODE/results/ODEDIT/CELEBAHQ/fid/good_ones/2024-05-22_19-58/voronoi_noise/12798/corrupted.png,corrupted.png,2024-05-22_19-58,15.903558731079102,0.12580730020999908
188,12798,voronoi_noise,reconstruction,clipped,none,,/home/bastien/scitas/bastien/results_CODE/results/ODEDIT/CELEBAHQ/fid/good_ones/2024-05-22_19-58/voronoi_noise/12798/reconstruction/clipped/reconstruction_ddim.png,reconstruction_ddim.png,2024-05-22_19-58,15.109579086303711,0.2573148310184479
192,10702,voronoi_noise,none,none,none,,/home/bastien/scitas/bastien/results_CODE/results/ODEDIT/CELEBAHQ/fid/good_ones/2024-05-22_19-58/voronoi_noise/10702/original.png,original.png,2024-05-22_19-58,inf,0.0
193,10702,voronoi_noise,none,none,none,,/home/bastien/scitas/bastien/results_CODE/results/ODEDIT/CELEBAHQ/fid/good_ones/2024-05-22_19-58/voronoi_noise/10702/corrupted.png,corrupted.png,2024-05-22_19-58,16.521440505981445,0.11711745709180832
194,10702,voronoi_noise,reconstruction,clipped,none,,/home/bastien/scitas/bastien/results_CODE/results/ODEDIT/CELEBAHQ/fid/good_ones/2024-05-22_19-58/voronoi_noise/10702/reconstruction/clipped/reconstruction_ddim.png,reconstruction_ddim.png,2024-05-22_19-58,16.803539276123047,0.13350795209407806
198,13228,voronoi_noise,none,none,none,,/home/bastien/scitas/bastien/results_CODE/results/ODEDIT/CELEBAHQ/fid/good_ones/2024-05-22_19-58/voronoi_noise/13228/original.png,original.png,2024-05-22_19-58,inf,0.0
199,13228,voronoi_noise,none,none,none,,/home/bastien/scitas/bastien/results_CODE/results/ODEDIT/CELEBAHQ/fid/good_ones/2024-05-22_19-58/voronoi_noise/13228/corrupted.png,corrupted.png,2024-05-22_19-58,15.295411109924316,0.10791544616222382
200,13228,voronoi_noise,reconstruction,clipped,none,,/home/bastien/scitas/bastien/results_CODE/results/ODEDIT/CELEBAHQ/fid/good_ones/2024-05-22_19-58/voronoi_noise/13228/reconstruction/clipped/reconstruction_ddim.png,reconstruction_ddim.png,2024-05-22_19-58,14.95632553100586,0.1887928694486618
